"Index","Open","High","Low","Close","Volume"
1970-01-02,16.89,17.72,16.89,17.69,36849
1970-01-03,17.85,17.95,17.48,17.85,42342
1970-01-04,17.7,17.86,17.63,17.82,22784
1970-01-05,17.65,17.79,17.36,17.39,27024
1970-01-06,17.39,17.5,17.23,17.31,17539
1970-01-07,17.25,17.3,16.73,16.75,18771
1970-01-08,16.15,16.7,15.95,16.63,28847
1970-01-09,16.83,16.93,16.48,16.59,17600
1970-01-10,16.55,17.24,16.51,17.21,15634
1970-01-11,17.25,17.25,16.76,16.95,17451
1970-01-12,17.03,17.4,16.87,17.33,17121
1970-01-13,17.26,17.54,17.24,17.35,22899
1970-01-14,17.25,17.33,17.1,17.25,15390
1970-01-15,17.42,17.65,17.13,17.18,50280
1970-01-16,17.07,17.26,16.87,17.01,37298
1970-01-17,16.88,17.12,16.78,17.09,31203
1970-01-18,16.97,17.18,16.89,17.04,29833
1970-01-19,16.88,16.93,16.67,16.71,32070
1970-01-20,16.75,17.03,16.68,16.96,27005
1970-01-21,16.98,17.04,16.82,16.94,18786
1970-01-22,16.85,16.92,16.77,16.82,14631
1970-01-23,16.9,17.02,16.9,16.94,15072
1970-01-24,17.02,17.24,17,17.14,24230
1970-01-25,17.39,17.39,17.1,17.14,19033
1970-01-26,17.15,17.31,17.09,17.28,20930
1970-01-27,17.48,17.68,17.41,17.66,20620
1970-01-28,17.6,17.6,17.37,17.42,21576
1970-01-29,17.22,17.29,17.11,17.13,24389
1970-01-30,17.18,17.22,17.04,17.11,18908
1970-01-31,17.02,17.04,16.66,16.75,21432
1970-02-01,16.71,16.77,16.64,16.67,11556
1970-02-02,16.87,16.92,16.58,16.61,20625
1970-02-03,16.56,16.57,16.37,16.45,22955
1970-02-04,16.52,16.72,16.4,16.7,20989
1970-02-05,16.57,16.76,16.48,16.62,14029
1970-02-06,16.48,16.69,16.47,16.6,34556
1970-02-07,16.7,16.71,16.38,16.46,31388
1970-02-08,16.2,16.2,15.9,15.92,48162
1970-02-09,15.75,16.01,15.7,15.78,39171
1970-02-10,15.96,16.2,15.89,16.01,29440
1970-02-11,15.76,15.85,15.55,15.72,35769
1970-02-12,15.47,15.72,15.42,15.67,36218
1970-02-13,15.85,15.86,15.48,15.5,25887
1970-02-14,15.5,15.74,15.39,15.59,33381
1970-02-15,15.38,15.52,15.27,15.37,24798
1970-02-16,15.37,15.51,15.28,15.45,18688
1970-02-17,15.53,15.65,15.44,15.49,16672
1970-02-18,15.76,16.12,15.73,16,27168
1970-02-19,16.25,16.33,16.15,16.29,17538
1970-02-20,15.95,15.95,15.53,15.59,17475
1970-02-21,15.55,15.71,15.47,15.68,15009
1970-02-22,15.75,16.17,15.75,16,15687
1970-02-23,16.02,16.35,15.89,16.28,17827
1970-02-24,16.4,16.61,16.22,16.58,19608
1970-02-25,16.82,17.03,16.4,16.49,16303
1970-02-26,16.24,16.25,15.99,16.09,16686
1970-02-27,16.35,16.92,16.26,16.86,53730
1970-02-28,17.02,17.1,16.74,16.96,43034
1970-03-01,16.85,17.06,16.73,17.03,29867
1970-03-02,17,17.21,16.95,17.1,26325
1970-03-03,16.95,17.04,16.9,16.98,21426
1970-03-04,17.07,17.18,17.06,17.08,17335
1970-03-05,17.01,17.1,16.96,17.08,10604
1970-03-06,17.05,17.09,16.99,17.01,8889
1970-03-07,16.96,16.98,16.77,16.79,18212
1970-03-08,16.74,16.83,16.64,16.81,21729
1970-03-09,16.85,17.08,16.77,17.06,25757
1970-03-10,17.05,17.09,16.86,16.88,26801
1970-03-11,17.65,17.92,17.57,17.89,29708
1970-03-12,17.95,18.12,17.83,18.09,22094
1970-03-13,17.97,18.18,17.92,18.12,19590
1970-03-14,18.27,18.34,18.12,18.3,23153
1970-03-15,18.36,18.43,18.25,18.37,14202
1970-03-16,18.8,18.92,18.5,18.52,24309
1970-03-17,18.4,18.4,18,18.03,23966
1970-03-18,17.85,17.95,17.57,17.74,19994
1970-03-19,18.13,18.37,18.1,18.36,27918
1970-03-20,18.44,18.48,18.22,18.3,32586
1970-03-21,18.38,18.44,18.27,18.4,22854
1970-03-22,18.45,18.65,18.35,18.6,26909
1970-03-23,18.66,18.77,18.2,18.27,37563
1970-03-24,18.35,18.38,17.95,17.98,33201
1970-03-25,17.78,18.04,17.55,17.99,37283
1970-03-26,17.3,17.35,17.11,17.14,36380
1970-03-27,17.25,17.4,17.2,17.37,28774
1970-03-28,17.23,17.31,17.15,17.2,21855
1970-03-29,17.25,17.44,17.23,17.39,17857
1970-03-30,17.5,17.75,17.5,17.74,17857
1970-03-31,17.77,17.77,17.52,17.54,12753
1970-04-01,17.46,17.51,17.38,17.46,12304
1970-04-02,17.5,17.6,17.47,17.49,13671
1970-04-03,17.42,17.52,17.36,17.48,13515
1970-04-04,17.53,17.56,17.43,17.49,13467
1970-04-05,17.59,17.71,17.56,17.66,14354
1970-04-06,17.7,17.8,17.6,17.76,14262
1970-04-07,17.59,17.59,17.36,17.43,20099
1970-04-08,17.37,17.5,17.25,17.45,17887
1970-04-09,17.45,17.5,17.08,17.17,14141
1970-04-10,17.64,17.65,17.33,17.35,30073
1970-04-11,17.34,17.47,17.3,17.4,21998
1970-04-12,17.32,17.4,17.27,17.37,20097
1970-04-13,17.3,17.55,17.29,17.54,20141
1970-04-14,17.5,17.59,17.41,17.43,17509
1970-04-15,17.4,17.59,17.38,17.51,15270
1970-04-16,17.6,17.7,17.56,17.58,16488
1970-04-17,17.67,17.72,17.6,17.65,14219
1970-04-18,17.67,17.68,17.47,17.5,14616
1970-04-19,17.46,17.48,17.23,17.26,19007
1970-04-20,17.32,17.47,17.29,17.37,15975
1970-04-21,17.31,17.36,17.24,17.33,13253
1970-04-22,17.35,17.4,17.05,17.07,14886
1970-04-23,17.1,17.1,16.7,16.73,18576
1970-04-24,16.55,16.58,16.41,16.43,14187
1970-04-25,16.6,16.87,16.58,16.83,12333
1970-04-26,16.75,16.77,16.5,16.53,10931
1970-04-27,16.35,16.68,16.3,16.66,17116
1970-04-28,16.62,16.66,16.42,16.45,17609
1970-04-29,16.3,16.35,15.96,16,22412
1970-04-30,16.05,16.1,15.73,15.89,21469
1970-05-01,16.25,16.48,16.2,16.44,28339
1970-05-02,16.5,16.52,16.31,16.37,23311
1970-05-03,16.27,16.32,16,16.01,41374
1970-05-04,15.9,15.97,15.78,15.86,31772
1970-05-05,15.8,16.03,15.76,15.78,20751
1970-05-06,16,16.05,15.39,15.43,40914
1970-05-07,15.38,15.49,15.08,15.16,33579
1970-05-08,15.33,15.44,14.8,14.94,33943
1970-05-09,15.14,15.17,14.8,15.09,21009
1970-05-10,15.2,15.44,15.18,15.36,20328
1970-05-11,15.8,16.35,15.6,15.83,35423
1970-05-12,15.55,15.72,15.44,15.46,19786
1970-05-13,15.1,15.2,14.7,14.78,23224
1970-05-14,14.45,14.98,14.42,14.72,19852
1970-05-15,14.5,14.79,14.43,14.44,16846
1970-05-16,14.55,14.8,14.44,14.76,13980
1970-05-17,14.9,14.99,14.61,14.86,17767
1970-05-18,15.44,15.9,15.24,15.7,24124
1970-05-19,15.53,15.58,15.2,15.23,25274
1970-05-20,15.1,15.82,15,15.66,16367
1970-05-21,16.15,16.48,16.08,16.39,47719
1970-05-22,16.2,16.42,16.12,16.38,35521
1970-05-23,16.35,16.38,16.02,16.05,25622
1970-05-24,15.94,16.01,15.85,15.96,28642
1970-05-25,15.85,16.17,15.82,16.16,31157
1970-05-26,16.34,16.43,16.09,16.15,32326
1970-05-27,16.3,16.4,16.13,16.31,23708
1970-05-28,16.23,16.25,16.06,16.08,15253
1970-05-29,16,16.05,15.55,15.61,30619
1970-05-30,15.57,15.7,15.22,15.26,36809
1970-05-31,14.95,15.15,14.95,15.03,24837
1970-06-01,15.25,15.35,15.16,15.26,14010
1970-06-02,15.5,15.9,15.5,15.87,19438
1970-06-03,15.72,15.76,15.65,15.68,9922
1970-06-04,15.45,15.75,15.42,15.71,12974
1970-06-05,15.65,15.89,15.55,15.76,11775
1970-06-06,15.68,15.76,15.45,15.52,14836
1970-06-07,15.45,15.66,15.37,15.61,13595
1970-06-08,15.63,15.65,15.45,15.49,11413
1970-06-09,15.49,15.51,15.4,15.47,11945
1970-06-10,15.53,15.63,15.53,15.57,18411
1970-06-11,15.7,15.75,15.63,15.73,16664
1970-06-12,15.79,15.85,15.66,15.76,18786
1970-06-13,15.82,15.83,15.6,15.7,26613
1970-06-14,15.74,15.78,15.64,15.68,20763
1970-06-15,15.59,15.6,15.29,15.31,34289
1970-06-16,15.33,15.35,15.2,15.34,21924
1970-06-17,15.33,15.33,15.14,15.22,22318
1970-06-18,15.14,15.32,15.1,15.27,20869
1970-06-19,15.37,15.43,15.16,15.18,26567
1970-06-20,15.13,15.22,15.05,15.08,24997
1970-06-21,15,15.05,14.76,14.79,23056
1970-06-22,14.62,14.62,14.21,14.24,29656
1970-06-23,14.18,14.33,14.1,14.16,26638
1970-06-24,14.3,14.5,14.18,14.48,22939
1970-06-25,14.59,14.67,14.05,14.18,29822
1970-06-26,13.95,14.55,13.75,14.49,27564
1970-06-27,14.54,14.7,14.33,14.56,25551
1970-06-28,15.15,15.46,15.05,15.4,27202
1970-06-29,15.13,15.18,14.87,14.9,20226
1970-06-30,14.8,14.8,14.55,14.57,12697
1970-07-01,14.3,14.83,14.3,14.73,22900
1970-07-02,14.85,15.12,14.85,15.04,22991
1970-07-03,15.04,15.04,15.04,15.04,4569
1970-07-04,14.6,14.67,14.45,14.65,34625
1970-07-05,14.68,14.72,14.08,14.18,44759
1970-07-06,14.37,14.64,14.05,14.2,38457
1970-07-07,13.98,14.2,13.85,14.14,44227
1970-07-08,14.15,14.27,14.06,14.11,29903
1970-07-09,13.95,13.99,13.88,13.92,23359
1970-07-10,13.75,13.82,13.25,13.37,37307
1970-07-11,13.11,13.34,13.03,13.06,29608
1970-07-12,13.2,13.3,13.05,13.07,19821
1970-07-13,12.77,12.8,12.28,12.6,28656
1970-07-14,12.75,12.9,12.56,12.66,19453
1970-07-15,12.79,12.96,12.69,12.94,14727
1970-07-16,13.18,13.8,13.11,13.6,21980
1970-07-17,13.6,13.74,13.3,13.55,16006
1970-07-18,13.45,14.2,13.42,14.11,18632
1970-07-19,13.98,14.24,13.85,14.21,12438
1970-07-20,14.18,14.95,14.1,14.92,13512
1970-07-21,15.2,15.25,14.99,15.21,11933
1970-07-22,14.85,14.96,14.53,14.61,19013
1970-07-23,14.95,15.5,14.9,15.4,17545
1970-07-24,15.25,15.3,14.25,14.6,18458
1970-07-25,14.65,14.95,14.31,14.37,57300
1970-07-26,13.5,13.65,13.16,13.17,52932
1970-07-27,13.15,13.39,13.1,13.26,43175
1970-07-28,13.55,13.64,13.16,13.41,42792
1970-07-29,13.42,13.72,13.29,13.68,28046
1970-07-30,13.83,13.99,13.76,13.85,31663
1970-07-31,13.8,13.92,13.55,13.58,20645
1970-08-01,13.38,13.53,13.36,13.44,23172
1970-08-02,13.54,13.78,13.47,13.75,27532
1970-08-03,13.73,13.97,13.68,13.9,22634
1970-08-04,14.06,14.21,14.01,14.04,24239
1970-08-05,14.15,14.2,13.92,14.06,17133
1970-08-06,13.85,13.9,13.73,13.8,19446
1970-08-07,13.67,13.94,13.52,13.86,24152
1970-08-08,13.91,14.23,13.9,13.98,26491
1970-08-09,14.05,14.15,13.91,13.95,16078
1970-08-10,14,14.3,14,14.27,21466
1970-08-11,14.32,14.38,13.88,13.9,19574
1970-08-12,13.95,14.01,13.66,13.67,21366
1970-08-13,13.48,13.6,13.23,13.29,29550
1970-08-14,13.45,14,13.25,13.6,15741
1970-08-15,13.04,13.13,12.94,12.98,29020
1970-08-16,13.6,14.4,13.25,13.86,85598
1970-08-17,14.2,14.6,13.9,13.97,32821
1970-08-18,15.5,15.8,14.92,15.03,78551
1970-08-19,14.9,15.25,14.73,14.92,48342
1970-08-20,15.07,15.35,14.98,15.32,37312
1970-08-21,15.5,15.76,15.48,15.61,48629
1970-08-22,15.45,15.74,15.4,15.64,25616
1970-08-23,15.57,15.68,15.3,15.34,23784
1970-08-24,15.28,15.49,15.26,15.46,26505
1970-08-25,15.56,15.75,15.51,15.74,24547
1970-08-26,15.92,15.97,15.35,15.44,28674
1970-08-27,15.55,15.87,15.43,15.84,22846
1970-08-28,15.85,16.09,15.83,16.06,17976
1970-08-29,16.03,16.17,15.89,16,22081
1970-08-30,15.95,16.4,15.93,16.37,21128
1970-08-31,16.37,16.47,16.19,16.35,20822
1970-09-01,16.37,16.85,16.37,16.72,21906
1970-09-02,16.71,16.82,16.25,16.31,20733
1970-09-03,16.21,18.2,16.05,17.73,20816
1970-09-04,16.36,16.46,16.22,16.3,40717
1970-09-05,16.35,16.52,16.28,16.49,12008
1970-09-06,16.51,16.7,16.45,16.61,12261
1970-09-07,16.85,17.02,16.81,16.95,22222
1970-09-08,16.85,17.06,16.75,16.97,21613
1970-09-09,16.85,17.04,16.73,16.77,22750
1970-09-10,16.87,17.28,16.85,17.24,17855
1970-09-11,17.2,17.36,17.1,17.36,24062
1970-09-12,17.35,17.42,17.01,17.08,35884
1970-09-13,17.13,17.47,17.13,17.42,25732
1970-09-14,17.5,17.67,17.46,17.55,26328
1970-09-15,17.61,17.82,17.57,17.72,22330
1970-09-16,17.64,17.71,17.47,17.69,23691
1970-09-17,17.85,18.15,17.82,18.14,24766
1970-09-18,18.04,18.2,17.87,18.17,27155
1970-09-19,18.2,18.64,18.17,18.48,25784
1970-09-20,18.38,18.93,18.32,18.88,25745
1970-09-21,18.88,19.21,18.8,18.95,21715
1970-09-22,19.07,19.3,18.82,19.26,20252
1970-09-23,19.45,19.45,19.1,19.28,15375
1970-09-24,19.15,19.75,18.7,18.86,18984
1970-09-25,18.2,18.22,17.3,17.33,53603
1970-09-26,17.27,17.75,17.22,17.54,49833
1970-09-27,17.8,18.26,17.76,18.12,51573
1970-09-28,18.4,18.48,17.68,17.72,51055
1970-09-29,17.8,17.89,17.59,17.74,34944
1970-09-30,17.64,17.64,17.25,17.29,45903
1970-10-01,17.47,17.5,16.95,17.03,41840
1970-10-02,16.97,17.55,16.91,17.51,42783
1970-10-03,17.55,17.85,17.38,17.73,32007
1970-10-04,17.66,17.9,17.44,17.53,27531
1970-10-05,17.6,17.64,17.29,17.38,22628
1970-10-06,17.36,17.75,17.22,17.7,27213
1970-10-07,17.65,17.7,17.45,17.49,21999
1970-10-08,17.45,17.48,17.26,17.39,24696
1970-10-09,17.41,17.44,17.05,17.11,29463
1970-10-10,17.16,17.65,17.08,17.59,21864
1970-10-11,17.6,17.73,17.33,17.42,19789
1970-10-12,17.62,18.27,17.56,18.25,28033
1970-10-13,18.3,18.48,18.15,18.33,21617
1970-10-14,18.3,18.59,18.21,18.56,17917
1970-10-15,18.73,18.93,18.3,18.59,24131
1970-10-16,17.65,17.87,17.53,17.84,35706
1970-10-17,17.84,17.96,17.77,17.83,29845
1970-10-18,17.73,18.1,17.68,18.07,33241
1970-10-19,18.13,18.32,18.12,18.14,33548
1970-10-20,18.11,18.24,18.03,18.15,32969
1970-10-21,18.27,18.38,18.12,18.28,34477
1970-10-22,18.37,18.75,18.33,18.72,43729
1970-10-23,18.75,18.88,18.52,18.56,41050
1970-10-24,18.76,18.86,18.62,18.67,24171
1970-10-25,18.69,18.75,18.28,18.3,35054
1970-10-26,18.2,18.6,18.16,18.54,33240
1970-10-27,18.56,18.73,18.4,18.52,27738
1970-10-28,18.5,18.59,18.25,18.5,26951
1970-10-29,18.59,19.05,18.59,19.03,28171
1970-10-30,19.13,19.33,19.09,19.29,23345
1970-10-31,19.5,19.95,19.47,19.77,34911
1970-11-01,19.75,19.88,19.52,19.84,25664
1970-11-02,19.95,20.35,19.9,20.33,28003
1970-11-03,20.35,20.35,19.35,19.51,26525
1970-11-04,19.42,20.08,19.42,20.05,48870
1970-11-05,19.89,20.1,19.72,20.04,42258
1970-11-06,20.05,20.24,19.83,20.15,33450
1970-11-07,20.47,20.95,20.42,20.53,45879
1970-11-08,20.25,20.25,19.7,19.91,43012
1970-11-09,19.96,20.21,19.8,20.2,35895
1970-11-10,20.57,20.92,20.42,20.81,54528
1970-11-11,21.15,21.48,20.1,20.19,65378
1970-11-12,20.4,20.67,19.9,19.95,55058
1970-11-13,20.15,20.51,20.1,20.42,40845
1970-11-14,20.55,20.57,19.83,19.99,42240
1970-11-15,19.89,20.02,19.58,19.8,41005
1970-11-16,19.9,20.11,19.9,20.02,25971
1970-11-17,20,20.62,19.91,20.59,39794
1970-11-18,20.75,20.89,20.56,20.63,23332
1970-11-19,20.52,20.65,20.38,20.64,16722
1970-11-20,20.85,20.87,20.25,20.29,27310
1970-11-21,20.39,20.72,20.13,20.69,18089
1970-11-22,20.62,21.25,20.55,21.22,21710
1970-11-23,21.08,21.59,21.07,21.51,30487
1970-11-24,22.5,22.9,22.3,22.61,30439
1970-11-25,22.9,25.3,22.8,24.65,31061
1970-11-26,21.25,21.35,20.93,21.32,43619
1970-11-27,21.11,21.34,20.58,20.61,43640
1970-11-28,20.69,21.5,20.65,21.41,55183
1970-11-29,21.46,21.6,20.93,21.19,53263
1970-11-30,21.14,21.2,20.72,20.92,37359
1970-12-01,20.65,20.7,20.31,20.42,47893
1970-12-02,20.4,20.78,20.32,20.66,27477
1970-12-03,20.46,20.48,19.78,19.8,50685
1970-12-04,19.82,20.15,19.53,20.1,44636
1970-12-05,20.4,20.6,20.2,20.58,39548
1970-12-06,20.38,20.42,19.99,20.02,26883
1970-12-07,19.88,19.88,19.36,19.44,39741
1970-12-08,19.63,19.94,19.6,19.76,32548
1970-12-09,19.55,19.61,19.34,19.52,32809
1970-12-10,19.7,20.25,19.7,20.06,37545
1970-12-11,20,20.15,19.89,20.09,28641
1970-12-12,20.07,20.55,20.05,20.51,23226
1970-12-13,20.65,21.31,20.65,20.7,43807
1970-12-14,20.45,20.5,19.95,20.13,33938
1970-12-15,20.27,20.45,20.03,20.2,21694
1970-12-16,20.37,20.84,20.32,20.6,21814
1970-12-17,20.2,21.05,20.1,20.93,22687
1970-12-18,20.93,20.93,20.93,20.93,10092
1970-12-19,19.22,19.79,19.22,19.66,72445
1970-12-20,19.5,19.74,19.4,19.48,38267
1970-12-21,19.35,19.6,19.24,19.52,31695
1970-12-22,19.54,19.97,19.48,19.95,34598
1970-12-23,20,20.02,19.71,19.9,33131
1970-12-24,19.88,20,19.72,19.81,25237
1970-12-25,19.66,20.2,19.55,20.14,35513
1970-12-26,20.42,20.58,20.25,20.52,31040
1970-12-27,20.46,20.55,20.3,20.46,34411
1970-12-28,20.17,20.39,19.58,19.67,54518
1970-12-29,19.6,20.04,19.47,20,34573
1970-12-30,20,20.12,19.85,19.88,28121
1970-12-31,19.68,19.68,19.23,19.26,30139
1971-01-01,19.32,19.55,19.17,19.34,32095
1971-01-02,19.63,20.3,19.62,20.23,38481
1971-01-03,20.18,21,20.07,20.57,30043
1971-01-04,20.4,20.4,19.7,19.95,23214
1971-01-05,19.95,20.9,19.67,20.86,21623
1971-01-06,21.05,21.3,19.02,19.53,18158
1971-01-07,18.88,19.47,18.77,19.31,51094
1971-01-08,19.45,19.55,19.08,19.3,45173
1971-01-09,19.55,19.74,19.42,19.71,31985
1971-01-10,19.85,20.32,19.78,20.25,46174
1971-01-11,20.15,20.64,20.09,20.48,39838
1971-01-12,20.25,20.3,20,20.03,40117
1971-01-13,19.95,20.54,19.9,20.26,36630
1971-01-14,20.32,20.38,20.18,20.27,17152
1971-01-15,20.57,21.07,20.55,20.79,37053
1971-01-16,21.04,21.05,20.24,20.3,46503
1971-01-17,20.4,20.8,20.26,20.75,25974
1971-01-18,20.7,20.78,20.34,20.36,29676
1971-01-19,20.42,20.64,20.26,20.53,25119
1971-01-20,20.75,20.84,20.12,20.15,38440
1971-01-21,20.3,20.48,20.16,20.35,30086
1971-01-22,20.48,20.5,20.11,20.32,23070
1971-01-23,20.27,20.5,20.09,20.45,21617
1971-01-24,20.4,20.62,20.3,20.34,20328
1971-01-25,20.05,20.25,19.81,19.85,23174
1971-01-26,19.72,20,19.55,19.9,22142
1971-01-27,19.62,19.75,19.49,19.51,21892
1971-01-28,19.29,19.29,18.72,18.74,50932
1971-01-29,18.75,18.88,18.52,18.54,47417
1971-01-30,18.43,18.53,18.27,18.3,40317
1971-01-31,18.55,18.64,18.1,18.12,33559
1971-02-01,18.2,18.28,17.87,17.93,32394
1971-02-02,18.08,18.52,17.96,18.31,41113
1971-02-03,18.45,18.45,17.85,18.03,38212
1971-02-04,17.85,18.3,17.78,18.28,39522
1971-02-05,18.34,18.5,18.18,18.21,34238
1971-02-06,18.26,18.28,18,18.03,19444
1971-02-07,18.04,18.08,17.81,17.91,21988
1971-02-08,18.04,18.19,18.01,18.12,16808
1971-02-09,18.12,18.26,18.03,18.21,21012
1971-02-10,18.38,18.7,18.38,18.59,33398
1971-02-11,18.75,18.82,18.43,18.48,24030
1971-02-12,18.33,18.6,18.28,18.58,18456
1971-02-13,18.65,18.77,18.59,18.68,17326
1971-02-14,18.8,18.99,18.79,18.97,18707
1971-02-15,19.05,19.15,18.62,18.68,21791
1971-02-16,18.6,18.8,18.57,18.8,12437
1971-02-17,18.92,19.1,18.83,19.08,19423
1971-02-18,19.15,19.17,18.88,19.08,19954
1971-02-19,18.62,18.87,18.58,18.8,27009
1971-02-20,18.7,18.77,18.58,18.61,28098
1971-02-21,18.51,18.54,18.45,18.51,19293
1971-02-22,18.5,18.65,18.5,18.64,10695
1971-02-23,18.68,18.76,18.62,18.64,18221
1971-02-24,18.64,18.87,18.58,18.83,21180
1971-02-25,18.88,19,18.74,18.83,27651
1971-02-26,18.8,18.93,18.75,18.85,13991
1971-02-27,18.96,19.1,18.94,19.05,21877
1971-02-28,19.22,19.42,19.21,19.28,33132
1971-03-01,19.39,19.49,19.32,19.41,28552
1971-03-02,19.34,19.77,19.29,19.75,32029
1971-03-03,19.63,19.92,19.62,19.76,31488
1971-03-04,19.67,19.78,19.58,19.7,19728
1971-03-05,19.74,20.03,19.73,19.86,30426
1971-03-06,19.95,20.09,19.7,19.72,33714
1971-03-07,19.67,19.99,19.65,19.96,18231
1971-03-08,20,20.07,19.85,19.88,25517
1971-03-09,19.7,19.8,19.55,19.56,22590
1971-03-10,19.59,19.82,19.46,19.64,25452
1971-03-11,19.95,19.98,19.6,19.62,44673
1971-03-12,19.65,19.66,19.21,19.28,45127
1971-03-13,19.05,19.52,19,19.46,45539
1971-03-14,19.3,19.6,19.2,19.53,38080
1971-03-15,19.67,19.73,19.23,19.59,43715
1971-03-16,19.66,19.9,19.65,19.86,28019
1971-03-17,19.97,20.14,19.92,20.13,28353
1971-03-18,20.18,20.27,19.97,20.01,25169
1971-03-19,19.95,20.25,19.92,20.13,28742
1971-03-20,20.06,20.28,19.96,20.15,28708
1971-03-21,19.9,19.99,19.79,19.96,26995
1971-03-22,19.95,20.04,19.82,19.87,14577
1971-03-23,19.8,20.08,19.8,20.02,5774
1971-03-24,20.1,20.2,20.04,20.17,23066
1971-03-25,20.32,20.4,20.22,20.25,21742
1971-03-26,20.32,20.54,20.32,20.47,18698
1971-03-27,20.61,20.98,20.58,20.89,36336
1971-03-28,20.66,20.78,20.35,20.59,21125
1971-03-29,20.85,20.87,20.62,20.75,18748
1971-03-30,20.88,20.91,20.49,20.56,27648
1971-03-31,20.48,20.6,20.36,20.42,23263
1971-04-01,20.4,20.4,19.92,19.98,22829
1971-04-02,19.98,19.98,19.98,19.98,5706
1971-04-03,19.83,19.83,19.65,19.72,35289
1971-04-04,19.8,19.89,19.59,19.62,31810
1971-04-05,19.43,19.55,19.32,19.38,42680
1971-04-06,19.51,19.8,19.45,19.77,32525
1971-04-07,19.8,19.87,19.61,19.72,26009
1971-04-08,19.7,19.97,19.61,19.94,27154
1971-04-09,19.92,20.14,19.9,20.07,34587
1971-04-10,20.11,20.38,19.92,20.01,40329
1971-04-11,20,20.25,19.91,20.21,26971
1971-04-12,20.33,20.33,19.99,20.1,27284
1971-04-13,20.02,20.19,19.98,20.02,27044
1971-04-14,19.94,19.94,19.73,19.87,34642
1971-04-15,19.96,20,19.78,19.92,28697
1971-04-16,19.9,19.96,19.79,19.84,23449
1971-04-17,19.72,19.74,19.57,19.59,21205
1971-04-18,19.51,19.63,19.47,19.5,17006
1971-04-19,19.5,19.7,19.48,19.67,20194
1971-04-20,19.77,19.88,19.72,19.86,22185
1971-04-21,19.92,19.93,19.77,19.91,15251
1971-04-22,19.78,20.02,19.75,19.99,37505
1971-04-23,19.95,20.09,19.93,19.96,27998
1971-04-24,19.95,20.01,19.78,19.82,24911
1971-04-25,19.82,19.92,19.6,19.63,24209
1971-04-26,19.78,19.79,19.16,19.25,51542
1971-04-27,19.39,19.43,19.21,19.4,30391
1971-04-28,19.5,19.9,19.48,19.89,36038
1971-04-29,19.87,20.32,19.82,20.3,46559
1971-04-30,20.4,20.62,20.22,20.25,38304
1971-05-01,20.35,20.39,20.13,20.34,24516
1971-05-02,20.25,20.5,20.25,20.47,23502
1971-05-03,20.61,20.65,20.48,20.51,22207
1971-05-04,20.4,20.5,20.25,20.48,19541
1971-05-05,20.65,20.82,20.53,20.7,27085
1971-05-06,20.58,20.83,20.56,20.65,24305
1971-05-07,20.85,20.96,20.67,20.77,28981
1971-05-08,20.78,20.9,20.58,20.65,24598
1971-05-09,20.75,21.2,20.67,21.1,26329
1971-05-10,21.27,22.35,21.25,22.22,31803
1971-05-11,22.35,22.95,21.7,22.33,28766
1971-05-12,21.55,21.61,21.13,21.21,41627
1971-05-13,21.12,21.56,21.04,21.52,39380
1971-05-14,21.54,21.68,21,21.29,27533
1971-05-15,21.4,22.15,21.3,21.91,33694
1971-05-16,21.98,22.05,21.62,21.78,40285
1971-05-17,21.85,21.91,21.38,21.5,30003
1971-05-18,21.65,21.91,21.59,21.82,22868
1971-05-19,21.8,22.89,21.79,22.89,45177
1971-05-20,23.2,23.8,23,23.68,50061
1971-05-21,23.88,23.92,22.83,23.41,53070
1971-05-22,23.42,23.7,23.03,23.08,39720
1971-05-23,22.6,22.6,21.55,21.62,50051
1971-05-24,21.5,22.12,21.48,22.07,35340
1971-05-25,22.48,22.92,22.28,22.9,37017
1971-05-26,22.78,23.18,22.52,23.14,23215
1971-05-27,23.22,23.44,23.04,23.13,29499
1971-05-28,23,23,22.3,22.36,25593
1971-05-29,22.19,22.94,21.94,22.78,30622
1971-05-30,22.35,22.52,21.87,22.1,34282
1971-05-31,22.35,22.8,22.3,22.76,21495
1971-06-01,23,23.8,22.9,23.67,26532
1971-06-02,23.79,24.2,22.2,22.55,27980
1971-06-03,21.5,21.68,21.3,21.6,35873
1971-06-04,21.35,21.9,21.25,21.59,42542
1971-06-05,21.86,22.3,21.66,22.24,48349
1971-06-06,22.15,22.6,21.92,22.56,43018
1971-06-07,22.53,22.85,22.38,22.8,28295
1971-06-08,22.7,22.76,22.36,22.46,35596
1971-06-09,22.17,22.7,22.11,22.68,39878
1971-06-10,22.6,22.84,22.46,22.7,30501
1971-06-11,22.7,23.05,22.66,23.02,30530
1971-06-12,23,23.06,22.37,22.39,35857
1971-06-13,22.45,22.72,22.3,22.51,29517
1971-06-14,22.33,22.43,22.12,22.32,37489
1971-06-15,22.29,22.46,22.03,22.09,32382
1971-06-16,22.07,22.07,21.7,21.74,40455
1971-06-17,21.75,22.06,21.65,22.03,28390
1971-06-18,22.08,22.44,21.8,21.9,33481
1971-06-19,21.83,22.1,21.72,22.07,23229
1971-06-20,22.12,22.9,22.12,22.84,29578
1971-06-21,22.72,22.95,22.21,22.42,25469
1971-06-22,22.3,22.32,22.05,22.19,31353
1971-06-23,22.19,22.19,22.19,22.19,0
1971-06-24,21.81,21.97,21.63,21.75,39496
1971-06-25,21.62,21.66,21.4,21.42,38853
1971-06-26,21.6,21.93,21.48,21.79,31421
1971-06-27,21.88,21.95,21.56,21.58,23485
1971-06-28,21.58,21.71,21.46,21.54,26589
1971-06-29,21.7,21.77,21.15,21.17,43320
1971-06-30,21.22,21.37,21.07,21.35,29353
1971-07-01,21.3,21.65,21.2,21.58,22042
1971-07-02,21.6,21.62,21.27,21.3,23687
1971-07-03,21.21,21.22,20.9,20.93,33255
1971-07-04,20.76,20.84,20.64,20.78,24873
1971-07-05,20.9,21,20.4,20.43,27404
1971-07-06,20.35,20.4,20.08,20.24,23567
1971-07-07,20.38,20.55,20.15,20.22,16583
1971-07-08,20.15,20.37,20.01,20.05,17103
1971-07-09,20.15,20.48,20.1,20.38,16725
1971-07-10,20.34,20.35,20.05,20.07,13804
1971-07-11,19.68,19.77,19.44,19.6,22624
1971-07-12,19.67,19.75,19.07,19.28,20772
1971-07-13,19.89,20.08,19.8,19.96,34604
1971-07-14,20,20.18,19.94,20,31470
1971-07-15,20.06,20.41,20.04,20.39,35664
1971-07-16,20.53,20.64,20.32,20.46,29672
1971-07-17,20.41,20.58,20.26,20.48,22374
1971-07-18,20.4,20.48,20.06,20.08,28074
1971-07-19,20.01,20.34,19.97,20.03,30901
1971-07-20,20.14,20.3,20.12,20.28,20489
1971-07-21,20.2,20.53,20.18,20.48,24928
1971-07-22,20.48,20.55,20.29,20.3,18627
1971-07-23,20.2,20.22,19.75,19.78,34474
1971-07-24,19.8,19.84,19.3,19.43,43202
1971-07-25,19.55,19.61,19.1,19.15,33426
1971-07-26,19,19.07,18.4,18.44,30630
1971-07-27,18.4,18.55,17.58,17.68,27979
1971-07-28,17.33,18.49,16.25,18.06,38089
1971-07-29,18.5,18.53,17.6,17.78,22698
1971-07-30,17.9,18.02,17.65,17.85,17212
1971-07-31,18,18.14,17.35,17.44,20462
1971-08-01,17.2,17.2,16.6,16.96,24513
1971-08-02,17.5,18.16,17.28,18.06,30111
1971-08-03,18.3,18.45,17.52,17.95,21997
1971-08-04,19,19.49,18.98,19.07,48466
1971-08-05,19.35,19.47,18.92,19,53477
1971-08-06,18.78,18.85,18.54,18.66,44002
1971-08-07,18.71,18.88,18.45,18.47,29401
1971-08-08,18.45,18.57,18.35,18.54,13191
1971-08-09,18.6,18.81,18.41,18.54,34217
1971-08-10,18.5,18.92,18.39,18.81,38675
1971-08-11,18.95,19.1,18.61,18.68,42228
1971-08-12,18.75,18.83,17.95,17.99,54602
1971-08-13,17.9,18.2,17.82,17.98,39163
1971-08-14,17.99,18.3,17.93,18.27,23811
1971-08-15,18.4,18.58,18.25,18.28,32563
1971-08-16,18.4,19.03,18.35,18.99,42659
1971-08-17,18.93,19.31,18.74,19.02,45776
1971-08-18,18.98,19.01,18.83,18.95,27962
1971-08-19,19.08,19.75,19.06,19.71,42488
1971-08-20,19.63,19.74,19.42,19.59,33612
1971-08-21,19.62,19.63,19,19.03,27937
1971-08-22,19.03,19.03,18.72,18.87,27638
1971-08-23,18.8,19.05,18.65,18.73,22092
1971-08-24,18.65,18.65,18.25,18.26,24520
1971-08-25,18.9,19.13,18.78,18.92,43014
1971-08-26,18.52,18.6,17.95,18.14,71284
1971-08-27,18.25,18.27,17.7,17.83,47159
1971-08-28,18,18.17,17.65,17.8,40659
1971-08-29,17.68,18.05,17.45,17.98,45221
1971-08-30,18.2,18.45,18.06,18.08,37160
1971-08-31,17.6,17.68,17.32,17.4,47188
1971-09-01,17.5,17.62,17.26,17.5,34298
1971-09-02,17.53,17.75,17.12,17.14,38970
1971-09-03,16.7,16.87,16.42,16.68,54595
1971-09-04,16.38,17.02,16.33,16.92,47193
1971-09-05,17.12,17.32,16.6,16.67,51816
1971-09-06,16.62,16.82,16.52,16.78,26339
1971-09-07,16.72,16.86,16.66,16.82,25364
1971-09-08,17.03,17.54,17.02,17.51,38124
1971-09-09,17.28,17.74,17.17,17.58,31686
1971-09-10,17.81,17.94,17.05,17.13,39393
1971-09-11,17.08,17.22,16.59,16.62,33453
1971-09-12,16.62,16.64,15.9,15.94,37547
1971-09-13,16.2,16.2,15.5,15.65,34282
1971-09-14,15.4,15.48,15.06,15.3,30162
1971-09-15,16.95,17.15,16.57,16.94,18397
1971-09-16,17.07,17.5,17.01,17.46,46417
1971-09-17,17.57,17.62,17.21,17.38,46231
1971-09-18,17.28,17.37,17.12,17.14,36766
1971-09-19,17.05,17.07,16.65,16.68,49815
1971-09-20,16.78,17.35,16.75,17.15,44410
1971-09-21,17.24,17.31,16.96,17.07,34830
1971-09-22,17.03,17.3,16.63,16.72,44960
1971-09-23,16.85,16.95,16.72,16.8,25938
1971-09-24,16.65,16.65,16.29,16.5,34824
1971-09-25,16.6,16.71,16.43,16.47,24887
1971-09-26,16.25,16.65,16.06,16.58,41434
1971-09-27,16.73,17.09,16.7,16.94,55552
1971-09-28,17.2,17.55,17.15,17.47,49342
1971-09-29,17.56,18.56,17.28,18.46,72137
1971-09-30,18.55,19.05,18.09,18.36,53815
1971-10-01,18.75,18.83,18.42,18.67,33268
1971-10-02,18.35,18.67,18.11,18.65,27566
1971-10-03,18.58,18.85,18.36,18.55,22919
1971-10-04,18.55,19.51,18.47,18.99,34939
1971-10-05,18.9,19.7,18.85,19.61,23012
1971-10-06,20.42,20.6,20.15,20.5,44354
1971-10-07,20.8,20.92,20.4,20.56,49869
1971-10-08,20.5,20.69,20.25,20.38,43792
1971-10-09,20.18,20.57,19.95,20.3,46581
1971-10-10,20.5,20.5,20,20.04,43463
1971-10-11,20.13,20.35,19.91,20.21,31881
1971-10-12,20.35,20.77,20.32,20.69,40058
1971-10-13,20.85,21.6,20.78,21.54,49918
1971-10-14,23.25,23.8,22.35,23.11,81956
1971-10-15,24.2,26.25,23.75,24.49,92724
1971-10-16,27.2,28.2,26.75,28.05,94202
1971-10-17,27.5,29.05,26.5,28.31,101482
1971-10-18,27.3,27.75,25.3,25.96,60651
1971-10-19,25.5,26.6,25.35,25.67,37577
1971-10-20,25.85,26.6,25.65,26.23,33075
1971-10-21,26.55,27.45,26.07,26.42,52073
1971-10-22,25.95,26.75,25.6,26.46,33700
1971-10-23,26.8,27.5,26.7,27.36,31768
1971-10-24,27.8,28.7,27.8,28.63,32752
1971-10-25,28.85,29.25,28.4,28.56,27541
1971-10-26,28.8,29.09,27.6,28.41,28262
1971-10-27,29.05,31.3,29.05,31.22,69375
1971-10-28,30.8,32.35,30.6,31.93,72993
1971-10-29,31.2,31.6,30.75,30.91,47904
1971-10-30,28.5,29.3,26.05,26.91,79131
1971-10-31,27.25,27.95,26.7,27.88,51261
1971-11-01,26.65,26.85,25.32,25.92,65682
1971-11-02,26.5,27.5,26.5,26.77,48842
1971-11-03,27.31,27.75,27.15,27.32,35110
1971-11-04,28.2,29.31,28.2,29.12,51137
1971-11-05,29.3,29.9,28.9,29.77,47064
1971-11-06,30.4,31.58,30.4,31.43,49760
1971-11-07,30.3,30.85,29.9,30.04,45028
1971-11-08,28.55,31.6,28.35,31.3,44765
1971-11-09,30.8,31.75,30.4,30.76,43645
1971-11-10,30.8,31.1,30.05,30.97,30916
1971-11-11,31.3,31.45,30.85,31.07,31483
1971-11-12,31.75,32.2,31.3,31.76,36352
1971-11-13,32.8,33.8,32.55,33.63,36539
1971-11-14,33,33.7,32.6,33.41,29800
1971-11-15,32.31,33.3,32.25,33.18,35061
1971-11-16,32.98,35,32.75,34.71,32425
1971-11-17,34.05,35.6,34.05,35.43,51742
1971-11-18,37.2,39.2,36.91,38.25,72853
1971-11-19,37.3,38.9,37.1,37.53,54123
1971-11-20,36.7,39.05,36.48,38.67,62003
1971-11-21,37.67,40.1,37.67,39.54,50089
1971-11-22,39.7,39.95,38.65,39.51,33781
1971-11-23,38.5,38.6,35.85,37.09,64397
1971-11-24,35.7,36.45,33.85,33.95,70477
1971-11-25,34.8,37.45,34.3,37.32,66938
1971-11-26,37.45,38.25,36.3,36.93,56606
1971-11-27,37.8,38.3,37.25,37.99,43115
1971-11-28,37.75,39.4,37.7,38.95,38235
1971-11-29,40.25,40.95,40.1,40.4,56796
1971-11-30,40.8,41.15,38,38.69,54819
1971-12-01,39.6,40.7,39.25,40.42,55928
1971-12-02,40.25,40.6,38.5,39.69,59607
1971-12-03,39,39,37.25,37.95,50308
1971-12-04,37.95,39,37.15,38.89,44822
1971-12-05,38.86,38.9,36.25,36.72,42642
1971-12-06,35.3,37.2,34.4,36.8,64457
1971-12-07,34.5,35.5,33.5,33.79,75079
1971-12-08,30.5,31,27.9,28.38,87429
1971-12-09,30.01,30.25,28.3,29.37,57470
1971-12-10,30.3,31.6,30.1,31.08,69799
1971-12-11,32.3,34.4,32.2,34.25,75023
1971-12-12,35.35,35.4,32.85,33.01,61091
1971-12-13,34.4,34.85,33.9,34.68,45827
1971-12-14,35.6,35.75,34.2,34.54,43393
1971-12-15,34,35.45,33.4,35.23,52555
1971-12-16,35.2,35.85,34.4,35.17,51042
1971-12-17,34.7,34.8,33.9,34,30840
1971-12-18,32.85,33.5,31.8,31.96,57986
1971-12-19,32,32.95,31.75,32.63,50294
1971-12-20,32.4,35.45,32.35,35.31,55116
1971-12-21,34.8,35.85,34,35.53,58060
1971-12-22,34.95,35.4,33.8,33.89,35671
1971-12-23,32.8,32.8,31.65,31.87,47887
1971-12-24,32.15,33.7,32.05,33.12,42533
1971-12-25,33.2,33.4,30.9,31.16,47775
1971-12-26,31.6,31.85,30.15,31.12,47629
1971-12-27,29.9,30.3,29.25,29.78,37765
1971-12-28,28.9,31.8,28.5,31.5,37029
1971-12-29,30.4,30.75,28.8,28.91,39394
1971-12-30,29.65,30.2,29.5,29.63,33632
1971-12-31,33.95,34.25,32.9,32.95,43906
1972-01-01,32.7,33.4,32.35,32.86,35883
1972-01-02,32.8,33.4,32.15,33.28,30662
1972-01-03,33.3,33.75,32.7,32.91,35774
1972-01-04,32.75,32.8,28.7,28.85,77541
1972-01-05,29.2,30.48,29.05,29.15,50897
1972-01-06,29.9,30.9,29.1,30.66,42125
1972-01-07,29.7,30.45,27.15,27.29,57683
1972-01-08,26.05,26.74,25.25,26.4,47146
1972-01-09,26.9,27,26.3,26.58,31579
1972-01-10,27.65,27.65,26.8,26.9,20939
1972-01-11,26.65,26.75,25.62,26.41,31841
1972-01-12,26,26.7,25.23,25.35,37306
1972-01-13,25.65,27,25.35,26.42,39195
1972-01-14,27,28.1,26.15,26.55,41767
1972-01-15,27.65,27.85,26.85,27.05,33454
1972-01-16,27.15,28.8,26.75,27.86,30245
1972-01-17,26.9,27.45,26.8,26.93,30510
1972-01-18,26.8,27.15,26.25,26.39,20649
1972-01-19,26.4,26.75,25.8,25.92,19855
1972-01-20,27,27.35,26.8,27.22,14642
1972-01-21,27,27.18,26.77,27.01,14297
1972-01-22,27.15,27.8,27.1,27.57,17794
1972-01-23,28.12,28.45,26.35,26.49,38738
1972-01-24,25.8,26.2,24.9,25.48,47311
1972-01-25,25.75,28,25.7,27.65,42742
1972-01-26,27.3,27.7,26.45,27.17,43986
1972-01-27,25.5,31,23.35,27.26,63944
1972-01-28,27.9,28.9,27.55,27.71,39096
1972-01-29,27.7,28.28,27.2,27.29,29808
1972-01-30,31.5,32,30.3,30.78,35986
1972-01-31,31.4,31.4,29.9,30.07,29081
1972-02-01,31.2,32.75,31,32,27365
1972-02-02,24.5,24.5,21.1,21.44,22608
1972-02-03,22.2,22.5,18,19.25,20843
1972-02-04,20.7,21.7,20.6,21.3,18301
1972-02-05,22.75,24.95,22.75,24.18,20359
1972-02-06,22.8,23.5,21.85,22.04,46456
1972-02-07,21.65,22.2,21.05,21.71,32001
1972-02-08,21.8,22.05,21.2,21.35,22363
1972-02-09,21.1,21.3,20.85,20.96,19660
1972-02-10,20.85,21.95,20.8,21.85,28894
1972-02-11,22.2,22.35,20.9,20.97,36529
1972-02-12,21.3,21.77,21.2,21.54,29908
1972-02-13,21.9,21.95,21.25,21.34,21020
1972-02-14,21.35,21.43,20.8,21.14,23420
1972-02-15,21.2,21.25,20.6,20.66,31349
1972-02-16,20.86,21.6,20.85,21.49,39053
1972-02-17,21.8,21.84,21.05,21.22,35783
1972-02-18,21.25,22,21.25,21.92,34407
1972-02-19,21.8,22.65,21.75,22.47,35840
1972-02-20,22.75,23.05,22.08,22.93,35728
1972-02-21,22.53,22.95,22.22,22.56,28943
1972-02-22,22.4,22.48,22.16,22.32,26030
1972-02-23,21.5,21.85,20.75,20.88,41124
1972-02-24,20.55,21.15,19.85,20.07,42951
1972-02-25,20.25,20.95,20.2,20.48,30973
1972-02-26,19,19.7,18.4,18.5,36757
1972-02-27,18.55,18.7,17.61,17.91,48592
1972-02-28,17.6,18.37,17.45,17.94,34766
1972-02-29,18.25,18.5,18.12,18.37,26594
1972-03-01,18.72,18.98,18.63,18.86,29825
1972-03-02,19.3,19.5,19.07,19.16,32221
1972-03-03,19.05,19.45,18.85,19.38,23272
1972-03-04,19.8,20.38,19.65,20.25,43404
1972-03-05,20,20.67,19.95,20.43,38788
1972-03-06,20.68,20.75,19.67,19.73,44963
1972-03-07,19.58,20.03,19.35,19.42,35790
1972-03-08,19.33,19.6,19.25,19.31,29235
1972-03-09,18.9,19.23,18.75,18.99,28439
1972-03-10,19.05,19.7,18.55,19.68,38844
1972-03-11,20.15,20.53,20.06,20.45,33548
1972-03-12,20.15,20.53,19.91,20.27,29611
1972-03-13,19.98,20.25,19.88,20.01,20553
1972-03-14,19.85,19.94,19.63,19.76,28378
1972-03-15,20.15,20.87,20.05,20.61,36127
1972-03-16,20.65,20.8,20.25,20.38,28879
1972-03-17,20.05,20.6,19.8,20.49,42077
1972-03-18,20.48,20.49,20.06,20.1,29871
1972-03-19,19.85,19.97,19.6,19.62,25844
1972-03-20,19.42,19.98,19.38,19.76,41241
1972-03-21,19.76,19.83,19.27,19.41,44738
1972-03-22,19.3,19.72,19.22,19.63,33971
1972-03-23,19.53,19.74,19.25,19.29,25806
1972-03-24,19.21,19.73,19.18,19.7,36111
1972-03-25,19.7,19.8,19.37,19.47,41215
1972-03-26,19.62,20.04,19.56,19.98,37942
1972-03-27,19.92,20.09,19.82,19.96,26052
1972-03-28,20.17,20.47,20.13,20.31,32703
1972-03-29,20.35,20.44,20.16,20.26,29808
1972-03-30,20.75,21.12,20.7,21.05,48397
1972-03-31,21.5,21.5,20.85,20.89,46065
1972-04-01,21.2,21.5,21.03,21.48,37542
1972-04-02,21.3,21.95,21.25,21.91,36110
1972-04-03,21.75,21.86,21.55,21.64,35548
1972-04-04,21.7,21.89,21.56,21.71,26166
1972-04-05,21.45,21.45,20.95,21.08,30538
1972-04-06,21.17,21.23,20.88,21.13,26500
1972-04-07,21.3,21.87,21.2,21.62,33678
1972-04-08,21.7,21.7,20.86,20.88,67100
1972-04-09,20.75,21.2,20.63,20.94,60843
1972-04-10,21.08,21.25,20.83,21.15,42515
1972-04-11,21.05,21.33,20.9,21.28,33257
1972-04-12,21.43,21.51,21.14,21.26,33851
1972-04-13,21.24,21.24,20.93,20.96,32573
1972-04-14,20.85,21.44,20.84,21.25,48747
1972-04-15,21.25,21.37,21.1,21.17,36931
1972-04-16,21.14,21.39,21.11,21.37,26944
1972-04-17,21.38,21.7,21.27,21.68,36402
1972-04-18,21.68,21.74,21.5,21.63,37090
1972-04-19,21.6,21.8,21.53,21.78,36852
1972-04-20,21.9,22.11,21.82,21.93,52319
1972-04-21,21.6,21.65,21.19,21.27,53125
1972-04-22,21.15,21.36,20.88,20.91,42411
1972-04-23,21.05,21.05,20.63,20.74,49616
1972-04-24,20.75,20.98,20.61,20.92,38588
1972-04-25,21,21.02,20.75,20.89,28223
1972-04-26,20.85,21.25,20.8,21.18,28267
1972-04-27,21.3,21.4,21.21,21.37,22100
1972-04-28,21.45,21.74,21.1,21.4,40050
1972-04-29,20.91,20.95,20.71,20.83,43527
1972-04-30,20.97,21.08,20.9,21.02,29202
1972-05-01,21.08,21.22,21.03,21.19,23286
1972-05-02,21.22,21.4,21.22,21.33,22282
1972-05-03,21.28,21.31,21.1,21.11,28733
1972-05-04,21.1,21.34,20.98,21.32,33939
1972-05-05,21.32,21.4,21.11,21.13,30081
1972-05-06,21.18,21.27,21.1,21.13,22308
1972-05-07,21.15,21.16,20.86,21.02,28672
1972-05-08,20.8,20.85,20.45,20.47,43546
1972-05-09,20.32,20.39,20.05,20.33,47701
1972-05-10,20.48,20.49,20.26,20.28,27661
1972-05-11,20.25,20.3,19.82,19.84,27159
1972-05-12,19.87,19.97,19.72,19.96,27196
1972-05-13,19.75,20.08,19.6,20.05,35630
1972-05-14,20.1,20.18,19.68,19.71,26462
1972-05-15,19.78,19.81,19.64,19.67,21128
1972-05-16,19.73,20.1,19.7,19.94,27033
1972-05-17,20.18,20.27,20.03,20.13,27904
1972-05-18,20.13,20.25,19.83,19.99,32155
1972-05-19,20.04,20.22,19.87,20.15,21969
1972-05-20,20.17,20.32,20.08,20.23,25159
1972-05-21,20.12,20.12,19.92,19.98,19629
1972-05-22,19.93,20.18,19.9,20.05,31819
1972-05-23,20.08,20.19,20.03,20.08,22591
1972-05-24,20.17,20.5,20.16,20.48,37562
1972-05-25,20.41,20.71,20.35,20.56,37337
1972-05-26,20.45,20.78,20.45,20.76,32247
1972-05-27,20.76,20.84,20.67,20.82,26350
1972-05-28,20.74,20.8,20.62,20.67,27722
1972-05-29,21.05,21.28,21.02,21.24,33736
1972-05-30,21.15,21.32,21,21.29,42323
1972-05-31,21.35,21.49,21.29,21.43,34766
1972-06-01,21.3,21.39,21.2,21.29,25407
1972-06-02,21.52,21.94,21.52,21.72,46960
1972-06-03,21.63,21.82,21.4,21.47,37267
1972-06-04,21.75,21.92,21.62,21.65,32617
1972-06-05,21.77,22.2,21.68,22.14,32077
1972-06-06,22.01,22.25,21.85,21.94,29370
1972-06-07,22,22.25,21.85,22.16,29287
1972-06-08,22,22,21.5,21.72,29837
1972-06-09,21.55,21.59,21.26,21.32,64815
1972-06-10,21.27,21.55,21.1,21.52,54808
1972-06-11,21.45,21.58,21.32,21.46,37991
1972-06-12,21.56,21.64,21.47,21.48,26932
1972-06-13,21.56,21.57,21.28,21.35,25469
1972-06-14,21.2,21.5,21.18,21.42,37874
1972-06-15,21.6,21.74,21.57,21.68,38092
1972-06-16,21.61,21.84,21.25,21.27,47186
1972-06-17,21.35,21.46,21.22,21.32,30943
1972-06-18,21.37,21.59,21.33,21.47,26656
1972-06-19,21.53,21.55,21.27,21.37,35917
1972-06-20,21.41,21.58,21.06,21.36,61143
1972-06-21,21.5,21.72,21.46,21.58,44653
1972-06-22,21.53,21.8,21.43,21.62,30705
1972-06-23,21.71,21.82,21.6,21.69,26771
1972-06-24,21.64,21.64,21.51,21.58,22753
1972-06-25,21.51,21.52,21.16,21.27,36115
1972-06-26,21.32,21.48,21.17,21.44,28270
1972-06-27,21.4,21.53,21.27,21.3,19974
1972-06-28,23,23.1,22.15,22.47,36588
1972-06-29,22.42,22.85,22.2,22.27,31802
1972-06-30,21.6,21.83,21.48,21.55,51146
1972-07-01,21.55,21.74,21.5,21.72,28706
1972-07-02,21.8,21.85,21.71,21.81,25029
1972-07-03,21.88,22,21.85,21.97,20358
1972-07-04,21.93,22.03,21.87,21.98,21851
1972-07-05,21.91,21.94,21.7,21.74,27955
1972-07-06,21.83,22.03,21.78,21.97,23488
1972-07-07,22.12,22.28,22.06,22.26,29261
1972-07-08,22.15,22.25,22.06,22.24,17898
1972-07-09,22.1,22.11,21.78,21.81,55240
1972-07-10,21.72,21.78,21.66,21.69,39831
1972-07-11,21.75,21.82,21.48,21.57,32915
1972-07-12,21.4,21.44,21.25,21.33,44721
1972-07-13,21.48,21.54,21.37,21.41,29441
1972-07-14,21.47,21.65,21.27,21.64,41111
1972-07-15,21.67,21.75,21.52,21.53,29314
1972-07-16,21.65,21.77,21.55,21.68,25956
1972-07-17,21.76,21.84,21.66,21.82,28208
1972-07-18,21.77,21.8,21.51,21.62,31195
1972-07-19,21.9,21.97,21.81,21.84,23137
1972-07-20,21.8,21.81,21.7,21.76,27869
1972-07-21,21.8,22.08,21.72,21.97,28853
1972-07-22,21.92,22.18,21.91,22.07,41283
1972-07-23,22,22.36,21.91,22.19,68251
1972-07-24,22.15,22.27,21.9,22.21,45947
1972-07-25,22.23,22.25,22.02,22.21,36396
1972-07-26,22.23,22.45,22.21,22.32,38288
1972-07-27,22.25,22.32,22.19,22.23,24969
1972-07-28,22.13,22.25,22.06,22.22,25811
1972-07-29,22.07,22.4,22.05,22.33,34409
1972-07-30,22.52,22.7,22.52,22.67,35958
1972-07-31,22.53,22.73,22.53,22.61,28970
1972-08-01,22.53,23,22.53,22.98,41840
1972-08-02,22.95,23,22.75,22.99,51273
1972-08-03,23.13,23.33,23.05,23.16,55260
1972-08-04,22.98,23.08,22.86,22.98,37385
1972-08-05,22.9,23.12,22.9,23.09,26949
1972-08-06,23.22,23.48,23.22,23.46,22832
1972-08-07,23.56,23.89,23.38,23.86,52517
1972-08-08,23.8,24,23.42,23.67,46108
1972-08-09,23.78,23.96,23.72,23.93,25233
1972-08-10,24.06,24.18,24.02,24.14,27471
1972-08-11,24.05,24.11,23.81,24.04,38469
1972-08-12,23.7,23.75,23.33,23.48,33424
1972-08-13,23.51,23.54,23.23,23.26,50812
1972-08-14,23.02,23.53,22.99,23.49,57528
1972-08-15,23.58,23.69,23.09,23.12,56743
1972-08-16,22.98,23.3,22.89,23.21,47766
1972-08-17,23.13,23.29,23.06,23.11,39648
1972-08-18,23.25,23.38,23.08,23.11,46413
1972-08-19,23.21,23.38,23.11,23.37,31397
1972-08-20,23.52,23.85,23.49,23.82,50249
1972-08-21,23.86,24.03,23.66,23.8,49604
1972-08-22,23.67,23.94,23.62,23.78,43775
1972-08-23,23.6,23.71,23.38,23.4,48612
1972-08-24,23.49,23.59,23.11,23.2,49926
1972-08-25,23.2,23.32,22.99,23.01,51695
1972-08-26,23,23.02,22.52,22.58,56532
1972-08-27,22.65,22.69,22.33,22.5,47000
1972-08-28,22.7,22.82,22.32,22.35,44023
1972-08-29,22.15,22.55,22.02,22.52,43735
1972-08-30,22.45,22.97,22.38,22.79,37983
1972-08-31,22.84,22.87,22.25,22.4,26601
1972-09-01,22.2,22.43,21.98,22,34108
1972-09-02,21.7,22.34,21.64,22.22,34543
1972-09-03,22.1,22.2,21.77,21.78,41941
1972-09-04,21.66,21.82,21.17,21.21,75752
1972-09-05,21.38,21.43,21.12,21.42,40078
1972-09-06,21.2,21.58,20.99,21.02,68681
1972-09-07,21.2,21.39,21.05,21.35,40893
1972-09-08,21.35,21.44,21.06,21.08,35469
1972-09-09,21.11,21.28,20.48,20.51,79174
1972-09-10,20.65,20.82,20.38,20.76,56514
1972-09-11,20.86,20.93,20.33,20.39,51765
1972-09-12,20.45,20.53,20.02,20.04,50151
1972-09-13,19.85,19.92,19.3,19.42,53175
1972-09-14,19.58,19.7,19.15,19.41,55556
1972-09-15,19,19.92,18.9,19.51,66468
1972-09-16,19.79,19.99,19.55,19.96,38283
1972-09-17,20.15,20.45,20.03,20.05,41304
1972-09-18,19.9,19.98,19.65,19.76,25062
1972-09-19,19.56,19.7,19.37,19.45,35694
1972-09-20,19.43,19.67,19.38,19.39,24752
1972-09-21,19.57,19.68,18.9,19.13,28891
1972-09-22,19.1,19.15,18.5,18.52,57208
1972-09-23,18.57,18.85,18.3,18.78,30640
1972-09-24,18.95,19.14,18.88,18.97,16059
1972-09-25,18.98,19.02,18.31,18.5,22795
1972-09-26,18.65,18.79,18.39,18.76,30948
1972-09-27,18.89,19.02,18.56,18.65,20417
1972-09-28,18.45,19.15,18.45,19.12,20932
1972-09-29,19.1,19.52,19.1,19.49,36881
1972-09-30,19.59,19.78,19.16,19.23,52952
1972-10-01,18.95,19.45,18.95,19.21,40601
1972-10-02,19.31,19.42,18.66,18.69,49914
1972-10-03,18.53,18.65,17.83,17.87,59568
1972-10-04,17.85,18.23,17.72,17.86,42527
1972-10-05,17.9,18.3,17.9,18.23,42298
1972-10-06,18.5,18.9,18.5,18.79,39239
1972-10-07,18.62,18.9,18.45,18.47,31333
1972-10-08,18.37,19,18.37,18.85,31949
1972-10-09,19.01,19.3,18.77,18.91,30963
1972-10-10,19.14,19.21,18.84,19.16,23852
1972-10-11,19.1,19.22,18.87,18.89,25828
1972-10-12,18.83,18.87,18.4,18.47,26349
1972-10-13,18.62,18.95,18.49,18.94,52614
1972-10-14,18.97,19.15,18.7,18.72,46971
1972-10-15,18.86,19.05,18.81,19,29136
1972-10-16,19.1,19.37,19.07,19.36,41472
1972-10-17,19.23,19.32,19.11,19.17,30658
1972-10-18,19.15,19.23,18.76,18.89,48249
1972-10-19,18.85,19,18.61,18.94,35445
1972-10-20,18.96,19.07,18.77,18.9,27180
1972-10-21,18.95,19.02,18.87,18.96,17070
1972-10-22,18.94,19.35,18.88,19.27,42511
1972-10-23,19.25,19.58,19.2,19.5,42807
1972-10-24,19.54,19.69,19.46,19.5,33653
1972-10-25,19.53,19.9,19.5,19.87,29753
1972-10-26,19.98,20.08,19.76,19.78,32997
1972-10-27,19.7,19.7,19.2,19.28,35155
1972-10-28,19.38,19.5,19.05,19.27,29781
1972-10-29,19.57,19.69,19.35,19.68,30899
1972-10-30,19.83,19.83,19.26,19.46,28086
1972-10-31,18.5,18.53,18.05,18.12,29836
1972-11-01,18.3,18.43,18.05,18.41,31117
1972-11-02,18.48,18.62,18.3,18.54,23834
1972-11-03,18.67,18.84,18.6,18.66,27397
1972-11-04,18.5,18.55,18.29,18.43,35067
1972-11-05,18.3,18.52,18.13,18.48,49442
1972-11-06,18.28,18.5,18.26,18.46,32164
1972-11-07,18.58,18.76,18.55,18.75,34048
1972-11-08,18.69,18.71,18.6,18.68,16912
1972-11-09,18.58,18.61,18.32,18.34,24758
1972-11-10,18.36,18.7,18.27,18.64,44356
1972-11-11,18.64,18.67,18.52,18.63,29780
1972-11-12,18.61,18.85,18.51,18.55,45121
1972-11-13,18.65,18.67,18.4,18.51,35964
1972-11-14,18.55,18.7,18.47,18.67,32968
1972-11-15,18.61,18.78,18.6,18.69,31213
1972-11-16,18.67,18.68,18.43,18.5,36533
1972-11-17,18.57,18.86,18.44,18.83,33567
1972-11-18,18.93,19.19,18.9,19.18,40031
1972-11-19,19.15,19.24,19.02,19.15,29634
1972-11-20,19.1,19.35,19.06,19.24,28180
1972-11-21,19.23,19.23,19.05,19.07,20789
1972-11-22,19.02,19.32,18.96,19.29,29077
1972-11-23,19.31,19.36,18.76,18.9,37027
1972-11-24,19.13,19.19,19.03,19.13,20368
1972-11-25,19.16,19.24,19.1,19.22,24867
1972-11-26,19.22,19.32,19.13,19.19,26798
1972-11-27,19.3,19.35,19.25,19.28,21775
1972-11-28,19.33,19.34,19.05,19.16,37059
1972-11-29,19.21,19.27,19.14,19.25,22112
1972-11-30,19.24,19.49,19.22,19.44,34283
1972-12-01,19.67,19.85,19.58,19.84,43098
1972-12-02,19.75,19.92,19.7,19.8,46660
1972-12-03,19.98,20.32,19.93,20.29,54194
1972-12-04,20.28,20.5,20.26,20.45,41673
1972-12-05,20.33,20.4,20.21,20.23,27738
1972-12-06,20.4,20.67,20.4,20.62,47506
1972-12-07,20.52,20.6,20.15,20.31,52354
1972-12-08,20.36,20.46,20.19,20.44,25820
1972-12-09,19.88,19.95,19.66,19.87,27652
1972-12-10,19.97,20.28,19.94,20.21,33398
1972-12-11,20.23,20.26,20.05,20.24,32742
1972-12-12,20.15,20.29,20.15,20.25,34610
1972-12-13,20.24,20.3,19.97,20.11,52326
1972-12-14,20.18,20.23,19.85,20.11,57331
1972-12-15,20.08,20.3,20.02,20.22,36535
1972-12-16,20.27,20.33,20.18,20.29,22772
1972-12-17,20.32,20.45,20.32,20.41,30285
1972-12-18,20.21,20.79,20.15,20.77,60886
1972-12-19,20.67,20.92,20.65,20.85,37785
1972-12-20,20.9,20.94,20.72,20.85,35245
1972-12-21,20.75,21.15,20.75,21.12,41272
1972-12-22,21.03,21.2,20.77,20.8,44301
1972-12-23,20.84,21.02,20.66,20.77,42898
1972-12-24,20.64,20.83,20.6,20.71,31793
1972-12-25,20.74,20.91,20.72,20.86,27778
1972-12-26,20.91,21.01,20.8,21,25608
1972-12-27,21.01,21.07,20.82,20.96,30795
1972-12-28,20.97,21,20.74,20.76,33512
1972-12-29,20.66,20.73,20.53,20.55,27708
1972-12-30,20.48,20.74,20.48,20.69,26457
1972-12-31,20.64,20.68,20.5,20.52,39578
1973-01-01,20.31,20.35,20.05,20.12,39815
1973-01-02,20.4,20.47,20.27,20.4,43551
1973-01-03,20.57,20.92,20.48,20.9,57388
1973-01-04,20.84,20.97,20.69,20.94,44445
1973-01-05,21.5,22.02,21.5,22,78688
1973-01-06,21.88,22.21,21.8,21.92,62410
1973-01-07,21.83,21.96,21.75,21.95,30105
1973-01-08,21.76,22.14,21.76,22.11,36533
1973-01-09,22.14,22.31,21.98,22.03,46185
1973-01-10,21.89,22.17,21.86,22.11,37823
1973-01-11,22.35,22.57,22.35,22.43,59617
1973-01-12,22.38,22.5,22.28,22.48,35120
1973-01-13,22.65,22.7,22.45,22.62,43525
1973-01-14,22.42,22.46,22.3,22.44,31727
1973-01-15,22.36,22.38,22.27,22.32,26215
1973-01-16,22.08,22.58,22.03,22.51,41548
1973-01-17,22.58,22.63,22.33,22.35,34613
1973-01-18,22.21,22.39,22.18,22.3,35609
1973-01-19,22.25,22.41,22.25,22.36,23724
1973-01-20,22.3,22.37,22.17,22.3,24030
1973-01-21,22.12,22.31,22.05,22.29,25772
1973-01-22,22.29,22.33,22.18,22.26,24249
1973-01-23,22.18,22.31,22.12,22.26,37268
1973-01-24,21.92,22.54,21.82,22.48,35526
1973-01-25,22.55,22.62,22.48,22.59,32266
1973-01-26,22.83,22.95,22.75,22.89,46390
1973-01-27,22.73,22.92,22.55,22.58,36718
1973-01-28,22.65,22.75,22.4,22.44,40562
1973-01-29,22.55,22.61,22.22,22.24,31773
1973-01-30,22.07,22.15,21.56,21.6,78307
1973-01-31,21.77,21.87,21.62,21.86,38918
1973-02-01,21.9,22.12,21.82,22.1,36815
1973-02-02,21.98,22.05,21.85,21.89,28481
1973-02-03,21.48,21.55,21.25,21.4,61882
1973-02-04,21.38,21.5,21.15,21.41,46424
1973-02-05,21.29,21.45,21.26,21.4,37671
1973-02-06,21.56,21.61,21.2,21.28,30740
1973-02-07,21.37,21.45,21.12,21.36,33330
1973-02-08,21.46,21.51,21.36,21.46,26904
1973-02-09,21.38,21.73,21.38,21.71,29594
1973-02-10,21.75,21.81,21.65,21.79,17986
1973-02-11,21.85,21.88,21.52,21.58,27407
1973-02-12,21.45,21.81,21.42,21.79,28860
1973-02-13,21.8,21.9,21.59,21.78,39459
1973-02-14,21.66,21.87,21.66,21.84,49854
1973-02-15,21.89,22,21.84,21.96,36016
1973-02-16,22.08,22.17,21.85,21.98,51058
1973-02-17,21.76,22.06,21.74,22.04,34510
1973-02-18,22.08,22.12,21.95,22.05,26129
1973-02-19,21.96,22.12,21.93,22,30635
1973-02-20,21.89,21.92,21.8,21.83,24895
1973-02-21,21.69,21.91,21.66,21.87,32060
1973-02-22,21.78,21.83,21.56,21.58,26475
1973-02-23,21.45,21.48,21.26,21.35,48301
1973-02-24,21.26,21.39,21.13,21.18,36765
1973-02-25,21.2,21.49,21.19,21.42,40508
1973-02-26,21.45,21.5,21.12,21.22,41915
1973-02-27,21.06,21.17,20.95,21.03,31693
1973-02-28,20.9,21.02,20.85,20.91,27328
1973-03-01,21.03,21.13,20.97,21.08,21366
1973-03-02,21.25,21.35,21.18,21.34,19399
1973-03-03,21.35,21.4,21.26,21.28,18306
1973-03-04,21.27,21.48,21.22,21.45,23525
1973-03-05,21.45,21.51,21.39,21.47,28504
1973-03-06,21.43,21.48,21.34,21.37,30524
1973-03-07,21.25,21.48,21.18,21.44,31959
1973-03-08,21.28,21.34,21,21.08,32721
1973-03-09,21.2,21.55,21.2,21.54,58353
1973-03-10,21.54,21.61,21.13,21.15,65717
1973-03-11,21.08,21.38,21.02,21.21,44337
1973-03-12,21.28,21.34,21.06,21.13,35642
1973-03-13,21.16,21.34,21.14,21.31,29901
1973-03-14,21.35,21.58,21.34,21.48,36425
1973-03-15,21.4,21.68,21.39,21.64,43238
1973-03-16,21.65,21.77,21.58,21.69,38307
1973-03-17,21.63,21.72,21.59,21.67,23018
1973-03-18,21.64,21.8,21.63,21.77,20642
1973-03-19,21.9,21.98,21.84,21.96,29808
1973-03-20,21.93,22,21.85,21.99,26353
1973-03-21,22.05,22.08,21.81,21.93,45088
1973-03-22,21.95,22.02,21.87,22.01,30382
1973-03-23,22.09,22.34,22.08,22.31,34170
1973-03-24,22.25,22.27,22.15,22.18,24826
1973-03-25,22.06,22.4,22.01,22.39,34035
1973-03-26,22.34,22.38,22.05,22.3,49395
1973-03-27,22.18,22.2,21.95,21.98,34391
1973-03-28,21.92,21.97,21.85,21.92,24983
1973-03-29,22.01,22.02,21.7,21.88,35252
1973-03-30,21.76,22.05,21.72,22,38187
1973-03-31,21.94,21.97,21.76,21.79,33887
1973-04-01,21.75,21.84,21.65,21.68,31335
1973-04-02,21.73,21.79,21.67,21.76,21382
1973-04-03,21.73,21.81,21.62,21.67,27635
1973-04-04,21.65,21.76,21.54,21.71,32035
1973-04-05,21.77,21.88,21.76,21.83,29655
1973-04-06,21.83,21.98,21.78,21.92,29404
1973-04-07,21.87,21.9,21.68,21.77,33295
1973-04-08,21.77,21.85,21.72,21.81,18530
1973-04-09,21.88,21.94,21.88,21.89,15671
1973-04-10,21.97,22.04,21.96,21.99,23085
1973-04-11,22.1,22.42,22.09,22.37,45148
1973-04-12,22.3,22.33,22.22,22.3,17171
1973-04-13,22.23,22.35,22.06,22.09,27203
1973-04-14,22.07,22.16,22.03,22.08,20589
1973-04-15,22.2,22.38,22.2,22.33,23688
1973-04-16,22.35,22.46,22.25,22.28,29140
1973-04-17,22.36,22.4,22.12,22.14,35494
1973-04-18,22.08,22.13,21.78,21.86,35628
1973-04-19,21.97,21.98,21.51,21.61,77457
1973-04-20,21.57,21.68,21.29,21.35,63252
1973-04-21,21.45,21.45,21.15,21.19,45431
1973-04-22,21.08,21.28,21.06,21.27,36987
1973-04-23,21.35,21.38,20.98,21.02,50055
1973-04-24,20.88,21.14,20.74,21.12,55288
1973-04-25,21.08,21.11,20.62,20.71,61969
1973-04-26,20.57,20.68,20.43,20.62,51656
1973-04-27,20.73,20.82,20.54,20.77,31924
1973-04-28,20.85,20.87,20.64,20.7,29243
1973-04-29,20.4,20.41,20.17,20.33,52476
1973-04-30,20.15,20.67,20.09,20.64,45167
1973-05-01,20.62,20.62,20.27,20.3,37313
1973-05-02,20.35,20.72,20.21,20.62,28011
1973-05-03,20.68,20.75,20.45,20.47,31472
1973-05-04,20.5,20.59,20.43,20.47,27350
1973-05-05,20.41,20.42,20.15,20.21,31558
1973-05-06,20.05,20.23,20,20.08,35383
1973-05-07,20.08,20.41,20.02,20.37,35277
1973-05-08,20.45,20.45,20.19,20.26,26502
1973-05-09,20.35,20.36,20.13,20.19,27832
1973-05-10,20.27,20.7,20.23,20.54,27045
1973-05-11,20.55,20.57,20.3,20.4,28205
1973-05-12,20.28,20.36,20.17,20.2,32131
1973-05-13,20.22,20.33,20.12,20.22,30051
1973-05-14,20.23,20.32,20.18,20.27,24992
1973-05-15,20.3,20.41,19.85,19.89,40684
1973-05-16,19.8,19.87,19.48,19.51,49543
1973-05-17,19.45,19.54,19.36,19.45,37644
1973-05-18,19.32,19.4,19.02,19.08,54893
1973-05-19,19.25,19.36,18.93,18.94,41872
1973-05-20,18.82,19.25,18.77,19.18,47829
1973-05-21,19.15,19.31,18.8,18.84,51813
1973-05-22,18.65,18.96,18.65,18.84,46009
1973-05-23,18.98,19.31,18.97,19.28,42294
1973-05-24,19.46,19.47,19.02,19.09,32746
1973-05-25,18.98,19.19,18.88,19.09,32179
1973-05-26,19,19.11,18.94,18.95,26452
1973-05-27,19.04,19.43,19.04,19.41,37796
1973-05-28,19.42,19.73,19.23,19.7,31506
1973-05-29,19.6,19.92,19.56,19.83,34557
1973-05-30,19.93,20.02,19.76,19.98,29285
1973-05-31,19.86,19.94,19.8,19.84,29470
1973-06-01,19.9,19.99,19.84,19.95,26088
1973-06-02,20.03,20.08,19.77,19.82,20279
1973-06-03,19.78,19.8,19.59,19.64,20695
1973-06-04,19.55,19.62,19.53,19.59,18049
1973-06-05,19.61,19.65,19.48,19.5,12233
1973-06-06,19.46,19.49,19,19.04,45226
1973-06-07,19.07,19.28,18.91,19.26,44197
1973-06-08,19.04,19.09,18.92,19.04,37556
1973-06-09,19.15,19.22,18.92,18.95,45837
1973-06-10,19.03,19.11,18.8,18.88,38425
1973-06-11,18.98,19.02,18.76,18.78,32215
1973-06-12,18.7,18.71,18.3,18.38,51394
1973-06-13,18.45,18.84,18.15,18.5,60767
1973-06-14,18.6,18.77,18.45,18.7,37540
1973-06-15,18.78,19.02,18.76,18.87,41185
1973-06-16,19,19.03,18.77,18.87,36123
1973-06-17,18.76,18.77,18.55,18.58,35091
1973-06-18,18.28,18.51,18.21,18.33,29677
1973-06-19,18.56,18.84,18.55,18.81,43035
1973-06-20,18.85,18.88,18.74,18.83,32670
1973-06-21,19.17,19.68,19.17,19.66,63595
1973-06-22,19.6,19.8,19.54,19.64,54824
1973-06-23,19.62,19.7,19.47,19.66,40976
1973-06-24,19.61,20.75,19.6,20.41,95208
1973-06-25,20.34,20.5,20.14,20.26,51309
1973-06-26,20.4,20.46,20.17,20.31,33819
1973-06-27,20.28,20.34,19.93,20,41498
1973-06-28,20.08,20.08,19.86,19.93,36821
1973-06-29,20.02,20.41,20.02,20.3,39153
1973-06-30,20.21,20.36,20.09,20.21,38133
1973-07-01,20.14,20.26,20.05,20.08,27839
1973-07-02,20.05,20.09,19.92,20.05,27025
1973-07-03,20.26,20.45,20.16,20.18,42630
1973-07-04,20.2,20.31,20.12,20.26,25797
1973-07-05,20.3,20.32,19.96,19.98,44208
1973-07-06,19.7,19.93,19.5,19.53,36996
1973-07-07,19.53,19.61,19.24,19.33,29286
1973-07-08,19.26,19.54,19.19,19.42,34877
1973-07-09,19.55,19.71,19.48,19.62,28061
1973-07-10,19.86,20.08,19.84,20.02,26386
1973-07-11,20.57,20.64,20.37,20.48,43712
1973-07-12,20.48,20.56,20.3,20.53,38603
1973-07-13,20.63,20.7,20.39,20.61,43196
1973-07-14,20.5,20.75,20.4,20.6,40594
1973-07-15,20.45,20.51,20.41,20.47,17295
1973-07-16,20.54,20.55,20.45,20.48,20791
1973-07-17,20.68,21.09,20.61,21.07,46499
1973-07-18,21.09,21.14,20.9,20.93,30930
1973-07-19,20.8,20.83,20.61,20.71,27984
1973-07-20,20.65,20.77,20.58,20.68,25576
1973-07-21,20.83,20.88,20.3,20.39,39147
1973-07-22,20.4,20.43,20.01,20.13,51176
1973-07-23,20.3,20.38,20.16,20.29,32447
1973-07-24,20.52,20.54,20.12,20.16,31251
1973-07-25,20.04,20.16,19.97,20.13,31763
1973-07-26,20.03,20.31,19.96,20.17,30188
1973-07-27,20.22,20.3,20.14,20.29,24784
1973-07-28,20.36,20.41,20.05,20.08,36287
1973-07-29,20.1,20.13,19.45,19.52,33834
1973-07-30,19.85,20.05,19.76,20.03,42850
1973-07-31,20.16,20.3,20.15,20.24,39404
1973-08-01,20.22,20.42,20.18,20.41,33888
1973-08-02,20.28,20.45,20.24,20.41,28169
1973-08-03,20.31,20.55,20.25,20.29,41411
1973-08-04,20.27,20.32,20.17,20.28,37337
1973-08-05,20.33,20.47,20.31,20.44,37080
1973-08-06,20.48,20.65,20.41,20.52,43933
1973-08-07,20.59,20.67,20.43,20.65,36291
1973-08-08,20.69,20.75,20.49,20.62,28036
1973-08-09,20.44,20.46,20.22,20.3,35341
1973-08-10,20.38,20.4,20.27,20.37,27862
1973-08-11,20.4,20.4,20.06,20.22,38478
1973-08-12,20.17,20.51,20.15,20.46,28606
1973-08-13,20.45,20.52,20.4,20.46,24393
1973-08-14,20.3,20.46,20.22,20.4,26264
1973-08-15,20.45,20.47,20.2,20.22,21703
1973-08-16,20.19,20.22,20.07,20.14,19579
1973-08-17,20.07,20.1,19.95,19.99,32017
1973-08-18,20,20.02,19.78,19.84,41889
1973-08-19,20.44,20.45,20.33,20.37,27981
1973-08-20,20.35,20.35,20.06,20.15,44199
1973-08-21,20.13,20.35,20.04,20.34,39289
1973-08-22,20.33,20.38,20.25,20.3,16592
1973-08-23,20.24,20.28,20.15,20.18,17461
1973-08-24,20.18,20.22,20.13,20.19,12312
1973-08-25,20.27,20.6,20.26,20.58,53561
1973-08-26,20.56,20.61,20.47,20.53,34814
1973-08-27,20.5,20.6,20.44,20.57,15013
1973-08-28,20.58,20.66,20.37,20.39,33147
1973-08-29,20.3,20.5,20.29,20.46,30564
1973-08-30,20.53,20.63,20.46,20.47,26742
1973-08-31,20.53,20.6,20.4,20.44,25721
1973-09-01,20.45,20.56,20.43,20.44,27471
1973-09-02,20.38,20.42,20.31,20.34,23347
1973-09-03,20.36,20.39,20.18,20.2,39547
1973-09-04,20.11,20.14,19.77,19.78,55207
1973-09-05,19.8,19.83,19.39,19.48,55389
1973-09-06,19.45,19.52,19.36,19.51,33686
1973-09-07,19.56,19.58,19.33,19.34,36174
1973-09-08,19.32,19.37,19.13,19.15,38475
1973-09-09,18.95,20.1,18.95,19.54,39108
1973-09-10,19.8,19.95,19.8,19.88,30567
1973-09-11,19.9,19.94,19.7,19.72,30096
1973-09-12,19.71,19.93,19.71,19.9,34592
1973-09-13,19.82,19.9,19.75,19.89,33368
1973-09-14,19.9,20.13,19.85,20.06,39907
1973-09-15,20.09,20.16,20,20.02,29224
1973-09-16,19.97,20.27,19.95,20.24,36524
1973-09-17,20.17,20.25,20.02,20.03,34657
1973-09-18,20.03,20.09,19.7,19.74,49357
1973-09-19,19.77,19.88,19.74,19.77,27617
1973-09-20,19.7,19.72,19.37,19.54,44282
1973-09-21,19.64,19.89,19.58,19.65,50266
1973-09-22,19.53,19.73,19.51,19.64,38006
1973-09-23,19.65,19.68,19.25,19.28,42830
1973-09-24,19.08,19.16,18.83,18.98,59384
1973-09-25,18.89,19.03,18.87,18.89,27338
1973-09-26,18.6,18.76,18.55,18.58,32254
1973-09-27,18.67,18.85,18.64,18.84,28455
1973-09-28,18.95,19.02,18.55,18.7,29986
1973-09-29,18.56,18.81,18.52,18.67,27078
1973-09-30,18.76,18.91,18.58,18.62,32547
1973-10-01,18.55,18.66,18.2,18.42,37243
1973-10-02,18.76,18.98,18.71,18.86,45627
1973-10-03,19.03,19.13,18.83,18.89,39733
1973-10-04,18.9,19.01,18.82,18.84,21023
1973-10-05,18.9,19.02,18.83,18.9,17975
1973-10-06,18.9,19.13,18.9,19.01,46566
1973-10-07,18.99,19.14,18.83,18.85,42533
1973-10-08,18.85,18.85,18.32,18.45,50259
1973-10-09,18.45,18.45,17.85,17.95,56315
1973-10-10,18.06,18.44,18.03,18.29,50213
1973-10-11,18.28,18.39,17.88,18.02,59424
1973-10-12,18.09,18.12,17.55,17.79,66265
1973-10-13,17.7,17.98,17.6,17.89,60031
1973-10-14,17.95,18.15,17.95,18.1,37959
1973-10-15,18.1,18.33,18.04,18.13,40405
1973-10-16,18.08,18.08,17.45,17.49,50293
1973-10-17,17.44,17.73,17.25,17.67,43142
1973-10-18,17.5,17.77,17.15,17.21,40361
1973-10-19,16.8,17.78,16.75,17.7,57173
1973-10-20,17.65,17.78,16.98,17.09,48344
1973-10-21,17.64,18.09,17.63,17.93,55613
1973-10-22,17.93,18.04,17.46,17.63,64649
1973-10-23,17.65,17.87,17.52,17.75,39549
1973-10-24,17.68,18.12,17.68,18.07,33909
1973-10-25,18.12,18.44,18.07,18.42,51655
1973-10-26,18.5,18.52,18.17,18.23,47463
1973-10-27,18.2,18.35,18.02,18.12,48325
1973-10-28,18.1,18.1,17.86,17.88,33020
1973-10-29,17.63,18.04,17.63,17.97,41647
1973-10-30,17.94,17.99,17.68,17.85,42741
1973-10-31,17.83,17.88,17.73,17.8,26671
1973-11-01,17.8,17.82,17.48,17.57,39864
1973-11-02,17.53,17.66,17.25,17.27,41192
1973-11-03,17.27,17.71,17.2,17.55,62175
1973-11-04,17.63,17.64,17.36,17.52,45537
1973-11-05,17.53,17.92,17.51,17.88,50377
1973-11-06,17.88,18.2,17.79,18.18,61603
1973-11-07,18.16,18.32,18.01,18.14,52144
1973-11-08,18.05,18.18,17.77,17.86,46235
1973-11-09,17.83,18.09,17.76,17.92,36563
1973-11-10,17.92,17.99,17.57,17.66,42337
1973-11-11,17.61,17.81,17.43,17.65,47297
1973-11-12,17.6,18.15,17.53,18.09,35222
1973-11-13,18.3,18.56,18.3,18.53,39432
1973-11-14,18.53,18.57,18.32,18.35,35577
1973-11-15,18.35,18.51,18.18,18.32,49628
1973-11-16,18.31,18.4,18.17,18.36,31649
1973-11-17,18.36,18.83,18.33,18.8,66831
1973-11-18,18.8,19.05,18.62,18.73,45497
1973-11-19,18.64,18.73,18.15,18.29,67800
1973-11-20,17.86,18.1,17.82,17.97,49623
1973-11-21,17.92,18.01,17.7,17.73,44456
1973-11-22,17.76,17.76,16.92,17.07,69713
1973-11-23,17.1,17.2,16.94,17.03,51985
1973-11-24,17.03,17.17,16.91,16.97,41067
1973-11-25,16.97,17.05,16.36,16.76,94049
1973-11-26,16.68,17.02,16.68,16.95,45604
1973-11-27,16.95,17.18,16.76,16.96,49700
1973-11-28,16.92,16.97,16.72,16.86,37189
1973-11-29,16.86,16.99,16.76,16.83,25892
1973-11-30,16.83,17.09,16.82,17.07,38676
1973-12-01,17.11,17.72,17.11,17.7,49110
1973-12-02,17.66,18.25,17.48,18.12,32745
1973-12-03,17.9,18.1,17.46,17.59,54059
1973-12-04,17.5,17.69,17.25,17.63,55103
1973-12-05,17.75,17.78,17.53,17.57,40830
1973-12-06,17.54,18.05,17.54,17.73,66344
1973-12-07,17.76,18.02,17.65,17.96,56440
1973-12-08,17.96,18.8,17.96,18.67,103873
1973-12-09,18.7,18.95,18.54,18.79,68704
1973-12-10,18.72,18.76,18.59,18.63,33597
1973-12-11,18.76,19.09,18.3,18.42,48473
1973-12-12,18.35,18.6,18.24,18.39,44100
1973-12-13,18.39,18.7,18.35,18.42,40516
1973-12-14,18.38,18.57,18.36,18.49,27382
1973-12-15,18.45,18.57,18.38,18.55,22368
1973-12-16,18.58,18.79,18.58,18.77,30552
1973-12-17,18.75,18.83,18.67,18.71,30738
1973-12-18,18.65,18.71,18.56,18.64,31085
1973-12-19,18.62,18.64,18.41,18.5,38442
1973-12-20,18.5,18.53,18.17,18.27,45409
1973-12-21,18.2,18.38,18.11,18.13,36526
1973-12-22,18.05,18.25,17.99,18.06,43083
1973-12-23,18.04,18.3,17.95,18.24,31084
1973-12-24,18.42,18.57,18.33,18.35,42128
1973-12-25,18.37,18.43,18.02,18.07,54527
1973-12-26,18.07,18.09,17.49,17.51,63636
1973-12-27,17.53,17.7,17.41,17.54,63671
1973-12-28,17.51,17.67,17.49,17.65,35355
1973-12-29,17.65,17.78,17.35,17.37,67911
1973-12-30,17.33,17.33,16.85,16.92,76624
1973-12-31,16.9,17.45,16.9,17.43,60815
1974-01-01,17.46,17.55,16.98,17.12,66729
1974-01-02,17.1,17.58,16.76,17.49,101020
1974-01-03,17.45,17.53,17.25,17.4,50634
1974-01-04,17.38,17.71,17.07,17.09,69135
1974-01-05,17.05,17.09,16.67,16.71,61557
1974-01-06,16.7,16.95,16.5,16.66,60954
1974-01-07,16.66,16.85,16.53,16.55,55093
1974-01-08,16.53,17.09,16.38,16.9,68853
1974-01-09,16.9,17.02,16.42,16.72,66893
1974-01-10,16.7,16.85,16.62,16.76,35406
1974-01-11,16.76,16.95,16.64,16.77,44210
1974-01-12,16.73,17.19,16.56,17.04,51261
1974-01-13,17.04,17.1,16.6,16.69,37382
1974-01-14,16.63,16.88,16.4,16.56,37576
1974-01-15,17.03,17.31,17.03,17.1,27173
1974-01-16,17.1,17.17,16.55,16.63,55485
1974-01-17,16.62,16.97,16.16,16.38,72483
1974-01-18,15.53,15.6,15.1,15.31,68224
1974-01-19,15.3,15.65,15.12,15.43,62521
1974-01-20,15.48,15.54,15.31,15.48,39080
1974-01-21,15.44,15.53,14.86,14.95,64531
1974-01-22,14.94,15.06,14.72,14.97,36589
1974-01-23,14.74,15.1,14.56,14.57,41803
1974-01-24,14.55,15.03,14.51,14.7,63608
1974-01-25,14.56,14.7,14.4,14.59,46477
1974-01-26,14.58,14.85,14.47,14.63,49559
1974-01-27,14.64,15.12,14.6,15.07,50747
1974-01-28,15.06,15.2,14.5,14.52,56374
1974-01-29,14.5,14.87,14.22,14.52,59368
1974-01-30,14.5,14.58,14.37,14.41,40051
1974-01-31,14.39,14.55,14.18,14.23,34943
1974-02-01,14.15,14.28,13.88,13.91,39838
1974-02-02,13.92,14.3,13.75,14.18,35232
1974-02-03,14.4,14.54,14.33,14.36,30636
1974-02-04,14.4,14.83,14.38,14.77,53844
1974-02-05,14.75,14.8,14.44,14.48,29634
1974-02-06,14.48,14.67,14.07,14.13,29792
1974-02-07,14.12,14.22,13.96,14.11,28831
1974-02-08,14.11,14.47,14.06,14.44,25711
1974-02-09,14.44,14.48,14.13,14.17,27986
1974-02-10,14.11,14.65,14.11,14.56,37383
1974-02-11,14.55,14.72,14.35,14.67,37753
1974-02-12,14.65,15.42,14.65,15.34,69686
1974-02-13,15.34,15.61,15.05,15.42,51951
1974-02-14,15.4,15.46,15.23,15.32,31708
1974-02-15,15.4,15.4,14.64,14.67,54973
1974-02-16,14.65,14.94,14.56,14.85,46723
1974-02-17,14.81,15.05,14.31,14.33,56660
1974-02-18,14.33,14.56,14.28,14.51,42437
1974-02-19,14.57,15.16,14.57,14.78,61484
1974-02-20,14.78,15.29,14.78,15.1,47168
1974-02-21,15.14,15.16,14.67,14.87,34694
1974-02-22,14.87,15.4,14.87,15.22,46133
1974-02-23,15.2,15.35,14.96,15.1,30842
1974-02-24,14.89,15.06,14.81,14.94,28291
1974-02-25,14.93,15.25,14.76,15.17,46580
1974-02-26,15.15,15.3,15.06,15.17,43171
1974-02-27,15.24,15.59,15.24,15.47,43661
1974-02-28,15.4,15.7,15.37,15.42,45932
1974-03-01,15.42,15.5,15.13,15.34,50438
1974-03-02,15.36,15.58,15.1,15.19,37968
1974-03-03,15.2,15.95,15.2,15.92,60709
1974-03-04,15.88,16.1,15.77,16.04,55123
1974-03-05,15.95,16.34,15.85,15.89,53087
1974-03-06,15.92,16,15.61,15.63,38496
1974-03-07,15.52,15.63,15.15,15.25,42381
1974-03-08,15.3,15.4,15.17,15.21,37233
1974-03-09,15.2,15.25,14.5,14.6,65171
1974-03-10,14.6,14.72,14.3,14.56,41669
1974-03-11,14.56,14.79,14.55,14.72,24294
1974-03-12,14.78,14.9,14.1,14.13,45994
1974-03-13,14.11,14.3,13.97,14.06,39791
1974-03-14,14,14.32,13.9,13.93,36261
1974-03-15,13.9,14.55,13.88,14.23,48027
1974-03-16,14.2,14.42,14.16,14.21,26681
1974-03-17,14.3,14.44,14.12,14.24,36343
1974-03-18,14.39,14.58,14.38,14.41,31096
1974-03-19,14.33,14.89,14.26,14.77,61820
1974-03-20,14.78,14.81,14.43,14.57,47323
1974-03-21,14.5,14.81,14.46,14.48,36609
1974-03-22,14.45,14.76,14.41,14.67,42567
1974-03-23,14.74,14.83,14.63,14.76,29511
1974-03-24,14.76,14.8,14.54,14.75,26996
1974-03-25,14.69,14.69,14.51,14.57,27498
1974-03-26,14.35,14.35,14.07,14.1,43726
1974-03-27,14.1,14.24,13.96,14.1,43157
1974-03-28,14.13,14.26,14.13,14.18,32149
1974-03-29,14.12,14.25,14.01,14.14,34337
1974-03-30,14.2,14.46,14.2,14.44,44573
1974-03-31,14.44,14.6,14.27,14.49,36779
1974-04-01,14.45,14.89,14.43,14.83,47910
1974-04-02,14.81,15.1,14.68,15.06,33764
1974-04-03,15.01,15.14,14.8,14.82,27940
1974-04-04,14.81,14.95,14.63,14.88,26134
1974-04-05,14.85,15.4,14.84,15.37,38878
1974-04-06,15.29,15.5,15.05,15.2,30615
1974-04-07,15.15,15.15,14.88,14.9,39814
1974-04-08,14.89,15.1,14.89,15.08,28108
1974-04-09,15.1,15.25,14.97,15.13,32802
1974-04-10,14.46,14.46,13.9,14.08,100178
1974-04-11,14.06,14.34,14.05,14.32,42919
1974-04-12,14.4,14.44,14.08,14.38,48048
1974-04-13,14.38,14.9,14.23,14.79,43597
1974-04-14,14.75,15.85,14.65,15.79,87706
1974-04-15,15.7,15.8,15.4,15.74,55251
1974-04-16,15.69,15.8,15.46,15.77,38556
1974-04-17,15.74,15.92,15.48,15.58,44525
1974-04-18,15.53,15.63,15.42,15.57,30885
1974-04-19,15.57,15.96,15.52,15.87,45450
1974-04-20,15.87,15.99,15.64,15.75,44383
1974-04-21,15.69,16.02,15.69,15.97,53338
1974-04-22,15.94,16.26,15.83,16.23,44495
1974-04-23,16.22,16.6,15.98,16.58,61081
1974-04-24,16.55,16.77,16.43,16.65,39884
1974-04-25,16.65,16.69,16.4,16.49,48480
1974-04-26,16.46,16.91,16.34,16.82,39775
1974-04-27,16.3,16.65,16.16,16.63,67813
1974-04-28,16.61,17.17,16.58,17.14,82297
1974-04-29,17.01,17.27,16.85,17.24,53627
1974-04-30,17.22,17.28,16.79,16.91,63714
1974-05-01,16.72,16.9,16.53,16.57,53053
1974-05-02,16.53,16.95,16.36,16.9,61812
1974-05-03,16.88,17.32,16.88,17.16,56225
1974-05-04,17.17,17.19,16.75,16.89,55100
1974-05-05,16.88,17.26,16.77,16.86,65215
1974-05-06,16.84,17.3,16.83,17.29,72469
1974-05-07,17.5,17.82,17.25,17.7,64059
1974-05-08,17.71,17.85,17.45,17.73,57694
1974-05-09,17.71,17.9,17.52,17.61,57869
1974-05-10,17.59,17.9,17.51,17.85,62319
1974-05-11,17.85,18.3,17.81,18.28,64654
1974-05-12,18.28,18.54,18.13,18.21,61790
1974-05-13,18.05,18.21,17.94,18.06,35378
1974-05-14,17.85,17.91,17.46,17.59,46327
1974-05-15,17.55,18.02,17.46,17.99,42322
1974-05-16,18.17,18.48,18.13,18.45,30726
1974-05-17,18.6,19,18.55,18.92,36141
1974-05-18,18.12,18.57,18,18.06,60557
1974-05-19,17.9,18.13,17.82,17.92,44833
1974-05-20,17.9,18.07,17.68,17.7,60181
1974-05-21,17.68,17.77,17.49,17.74,51828
1974-05-22,17.86,18.05,17.85,18.03,34698
1974-05-23,17.9,18.37,17.9,18.31,42074
1974-05-24,18.25,18.34,18.19,18.21,34611
1974-05-25,18.36,18.5,18.08,18.23,55654
1974-05-26,18.07,18.24,17.91,18.12,49086
1974-05-27,18.18,18.2,17.91,18.11,38160
1974-05-28,18.01,18.04,17.63,17.75,62656
1974-05-29,17.68,18.4,17.58,18.34,61513
1974-05-30,18.25,18.71,18.2,18.67,66446
1974-05-31,18.7,18.89,18.46,18.48,47687
1974-06-01,18.42,18.9,18.29,18.79,39546
1974-06-02,18.79,19.06,18.77,18.95,41370
1974-06-03,18.92,19.95,18.88,19.86,44464
1974-06-04,19.93,19.95,19.57,19.91,31360
1974-06-05,19.75,20.8,19.61,20.71,30371
1974-06-06,20.45,20.8,20.35,20.75,23316
1974-06-07,20.6,20.95,19.4,20.04,32487
1974-06-08,19.56,19.74,19.3,19.37,51779
1974-06-09,19.4,19.42,19.4,19.42,58497
1974-06-10,19.39,19.46,19.15,19.32,30091
1974-06-11,19.34,19.54,18.9,19.01,40221
1974-06-12,18.98,19.3,18.67,19.27,57266
1974-06-13,19.1,19.33,18.78,18.83,45891
1974-06-14,18.84,19.5,18.75,19.37,52859
1974-06-15,19.45,19.68,19.38,19.53,32190
1974-06-16,19.33,19.69,19.31,19.62,30113
1974-06-17,19.54,19.72,19.23,19.24,57520
1974-06-18,19.29,19.48,19.08,19.12,56243
1974-06-19,19.23,19.66,19.11,19.48,50811
1974-06-20,19.66,20.2,19.66,20.18,54516
1974-06-21,20.45,20.74,20.21,20.43,64060
1974-06-22,20.37,20.6,19.9,20.15,55413
1974-06-23,20.25,20.42,19.97,20.18,43219
1974-06-24,20.07,20.1,19.76,19.89,45749
1974-06-25,19.55,19.6,19.29,19.51,35022
1974-06-26,19.32,19.52,19.16,19.46,37403
1974-06-27,19.5,19.54,19.1,19.2,30232
1974-06-28,19.05,19.45,19.05,19.39,48997
1974-06-29,19.46,19.67,19.43,19.61,41649
1974-06-30,19.38,19.53,19.27,19.41,36724
1974-07-01,19.42,19.46,19.06,19.21,49147
1974-07-02,19.4,19.65,19.35,19.46,51162
1974-07-03,19.48,19.84,19.4,19.77,46643
1974-07-04,20.05,20.44,20.04,20.3,52759
1974-07-05,20.66,20.98,20.52,20.55,46153
1974-07-06,20.3,20.45,20.05,20.14,43734
1974-07-07,20.23,20.39,20.07,20.1,45735
1974-07-08,20.15,20.32,19.7,20.14,53374
1974-07-09,20.27,20.38,19.05,19.31,78168
1974-07-10,19.62,19.67,19.35,19.42,39638
1974-07-11,19.38,19.47,19.18,19.3,45456
1974-07-12,19.11,19.25,18.74,18.96,66062
1974-07-13,18.9,19.1,18.6,18.66,29910
1974-07-14,18.57,18.64,17.95,18.05,58377
1974-07-15,17.96,18.36,17.96,18.2,42858
1974-07-16,18.22,18.38,17.69,17.73,47259
1974-07-17,17.68,18.15,17.5,18.11,35670
1974-07-18,18,18.2,17.65,17.72,17194
1974-07-19,17.73,17.95,17.52,17.58,24612
1974-07-20,17.65,17.75,16.75,16.87,21858
1974-07-21,17.02,17.25,16.93,17.09,50796
1974-07-22,17.2,17.65,17.11,17.49,56578
1974-07-23,17.47,17.62,17.26,17.52,37701
1974-07-24,17.52,17.6,17.1,17.14,35787
1974-07-25,17.09,17.87,16.98,17.63,63241
1974-07-26,17.5,17.63,17.32,17.45,40277
1974-07-27,17.47,17.85,17.42,17.56,56430
1974-07-28,17.66,17.82,17.35,17.47,38847
1974-07-29,17.43,17.55,17.3,17.52,26151
1974-07-30,17.15,17.68,17.15,17.62,36428
1974-07-31,17.65,17.83,17.63,17.81,32883
1974-08-01,17.88,17.95,17.56,17.67,41832
1974-08-02,17.63,17.89,17.51,17.53,49938
1974-08-03,17.53,17.57,17.35,17.39,33447
1974-08-04,17.3,17.4,16.97,17.12,42636
1974-08-05,16.78,16.96,16.58,16.71,40515
1974-08-06,16.78,16.85,16.64,16.7,20777
1974-08-07,16.75,16.9,16.74,16.83,24146
1974-08-08,16.78,17.25,16.68,17.21,28371
1974-08-09,17.28,17.33,17,17.24,30615
1974-08-10,17.16,17.44,17.12,17.22,33563
1974-08-11,17.15,17.75,17.1,17.67,45611
1974-08-12,17.63,17.88,17.54,17.83,36844
1974-08-13,17.78,17.99,17.53,17.67,41106
1974-08-14,17.58,17.79,17.45,17.55,36178
1974-08-15,17.41,17.7,17.41,17.68,35823
1974-08-16,17.73,18.03,17.72,17.98,45331
1974-08-17,18.1,18.42,18.06,18.39,54361
1974-08-18,18.3,18.43,18.16,18.19,39949
1974-08-19,18.17,18.34,18.06,18.08,40163
1974-08-20,17.96,18.04,17.85,18.01,37326
1974-08-21,18.03,18.3,18.03,18.25,30726
1974-08-22,18.38,18.7,18.21,18.26,58327
1974-08-23,18.45,18.5,17.97,17.99,42068
1974-08-24,18,18.06,17.61,17.7,49722
1974-08-25,17.68,17.75,17.13,17.19,50402
1974-08-26,17.17,17.34,16.8,17.13,44845
1974-08-27,17.08,17.17,16.91,16.97,39639
1974-08-28,17.06,17.19,16.92,17.06,32114
1974-08-29,17.22,17.39,17.18,17.22,25465
1974-08-30,17.3,17.5,17.24,17.42,32000
1974-08-31,17.42,17.67,17.35,17.54,29822
1974-09-01,17.63,17.74,17.32,17.38,48087
1974-09-02,17.38,17.58,17.38,17.45,28143
1974-09-03,17.45,17.6,17.35,17.58,29741
1974-09-04,17.68,17.97,17.68,17.95,54058
1974-09-05,18.1,18.25,18.05,18.15,45940
1974-09-06,18.17,18.34,18.06,18.23,42915
1974-09-07,18.16,18.31,17.98,18.19,36735
1974-09-08,18.27,18.69,18.27,18.68,56141
1974-09-09,18.57,18.95,18.49,18.93,58603
1974-09-10,18.8,19.01,18.69,18.9,52542
1974-09-11,19.02,19.19,18.72,18.76,47453
1974-09-12,18.56,18.6,18.26,18.39,45982
1974-09-13,18.22,18.6,18.12,18.58,48014
1974-09-14,18.35,18.49,18.14,18.16,42064
1974-09-15,17.88,18.34,17.83,18.19,57990
1974-09-16,18.2,18.24,17.95,18.04,50113
1974-09-17,17.95,18.08,17.41,17.47,47327
1974-09-18,17.55,17.66,17.35,17.58,30162
1974-09-19,17.58,17.65,17.24,17.37,31984
1974-09-20,17.38,17.76,17.36,17.65,31199
1974-09-21,17.7,17.75,17.4,17.47,30032
1974-09-22,17.85,17.94,17.46,17.56,48441
1974-09-23,17.56,17.84,17.51,17.82,38416
1974-09-24,17.74,18.19,17.74,18.15,47069
1974-09-25,18.12,18.19,17.98,18.12,26052
1974-09-26,18.05,18.15,17.91,18.05,38135
1974-09-27,17.93,18.14,17.85,18.05,34601
1974-09-28,18.05,18.12,17.81,17.82,34253
1974-09-29,17.68,17.73,16.83,16.99,76050
1974-09-30,16.94,16.98,16.58,16.85,47272
1974-10-01,16.88,17.02,16.72,16.94,33631
1974-10-02,16.5,17,16.42,16.87,52496
1974-10-03,16.95,17.18,16.92,17.12,37465
1974-10-04,17.25,17.36,16.99,17.13,47456
1974-10-05,17.01,17.27,16.82,16.91,39885
1974-10-06,16.87,17,16.78,16.91,27273
1974-10-07,17.05,17.15,16.92,16.99,33222
1974-10-08,16.87,16.93,16.63,16.73,29111
1974-10-09,16.55,16.87,16.48,16.76,33099
1974-10-10,16.86,16.95,16.72,16.91,27200
1974-10-11,17,17.14,16.9,16.98,30701
1974-10-12,17.08,17.18,16.95,17.02,22637
1974-10-13,17.07,17.14,17.03,17.09,17300
1974-10-14,17,17.4,17,17.35,15691
1974-10-15,17.28,17.68,17.28,17.64,26045
1974-10-16,17.56,17.92,17.56,17.79,38151
1974-10-17,17.84,17.96,17.7,17.72,32397
1974-10-18,17.73,17.84,17.65,17.76,22927
1974-10-19,17.7,17.74,17.41,17.44,29374
1974-10-20,17.38,17.65,17.35,17.48,39179
1974-10-21,17.53,17.77,17.49,17.72,42128
1974-10-22,17.85,18.02,17.62,17.67,47268
1974-10-23,17.58,17.64,17.39,17.4,25867
1974-10-24,17.38,17.5,17.27,17.37,32384
1974-10-25,17.46,17.75,17.43,17.72,41481
1974-10-26,17.71,17.77,17.58,17.72,29149
1974-10-27,17.54,17.67,17.46,17.52,33340
1974-10-28,17.46,17.9,17.41,17.88,32877
1974-10-29,17.93,18.34,17.93,18.32,34032
1974-10-30,18.37,18.75,18.33,18.73,31957
1974-10-31,18.6,18.85,18.55,18.69,27953
1974-11-01,18.58,18.84,18.5,18.65,27556
1974-11-02,18.39,18.46,18.09,18.1,51117
1974-11-03,18.08,18.55,18.06,18.39,59899
1974-11-04,18.52,18.65,18.15,18.39,73462
1974-11-05,18.26,18.47,18.2,18.24,32274
1974-11-06,18.07,18.14,17.83,17.95,65614
1974-11-07,17.94,18.13,17.93,18.09,29647
1974-11-08,18.13,18.4,18.07,18.39,32624
1974-11-09,18.45,18.54,18.34,18.52,38706
1974-11-10,18.2,18.7,18.13,18.54,53242
1974-11-11,18.63,18.83,18.56,18.78,44211
1974-11-12,18.86,18.92,18.35,18.59,59083
1974-11-13,18.48,18.61,18.42,18.46,31910
1974-11-14,18.39,18.51,18.25,18.3,40398
1974-11-15,18.31,18.38,18.21,18.24,33456
1974-11-16,18.25,18.52,18.25,18.46,38229
1974-11-17,18.44,18.48,18.13,18.27,45630
1974-11-18,18.24,18.45,18.24,18.32,36718
1974-11-19,18.43,18.6,18.31,18.42,37432
1974-11-20,18.36,18.62,18.29,18.59,24372
1974-11-21,18.59,18.93,18.59,18.91,29444
1974-11-22,18.77,18.98,18.72,18.86,30833
1974-11-23,18.54,18.73,18.54,18.63,27362
1974-11-24,18.53,18.6,18.41,18.43,37433
1974-11-25,18.43,18.7,18.43,18.69,29217
1974-11-26,18.71,18.78,18.65,18.66,22276
1974-11-27,18.55,18.62,18.47,18.49,24563
1974-11-28,18.51,18.58,18.3,18.32,38865
1974-11-29,18.32,18.39,18.22,18.35,40669
1974-11-30,18.39,18.65,18.38,18.63,31511
1974-12-01,18.58,18.69,18.53,18.59,27435
1974-12-02,18.51,18.68,18.43,18.63,28759
1974-12-03,18.58,18.63,18.24,18.33,64356
1974-12-04,18.34,18.37,17.95,18.02,72664
1974-12-05,17.89,18.04,17.83,17.91,46932
1974-12-06,17.88,18.21,17.88,18.19,38476
1974-12-07,18.15,18.2,17.84,17.94,45207
1974-12-08,17.87,18.18,17.87,18.11,31629
1974-12-09,18.13,18.34,18.1,18.16,27417
1974-12-10,18.17,18.28,18.1,18.26,29690
1974-12-11,18.32,18.65,18.29,18.56,31104
1974-12-12,18.47,18.54,18.36,18.43,24051
1974-12-13,18.5,18.97,18.5,18.96,79993
1974-12-14,18.86,19,18.8,18.92,43518
1974-12-15,18.93,18.98,18.67,18.78,48012
1974-12-16,18.81,19.14,18.8,19.07,47829
1974-12-17,19.05,19.1,18.9,19.05,32662
1974-12-18,18.85,19.31,18.85,19.22,62657
1974-12-19,19.15,19.27,19.06,19.15,38938
1974-12-20,19.13,19.35,19.03,19.17,42229
1974-12-21,19.11,19.16,18.9,19.03,33899
1974-12-22,19.09,19.23,19.05,19.18,33045
1974-12-23,19.24,19.58,19.24,19.56,57100
1974-12-24,19.52,19.79,19.41,19.77,42494
1974-12-25,19.72,19.77,19.5,19.67,37549
1974-12-26,19.54,19.65,19.4,19.59,32004
1974-12-27,19.8,19.93,19.7,19.88,40174
1974-12-28,20.02,20.1,19.48,19.55,58179
1974-12-29,19.35,19.45,19.03,19.15,61077
1974-12-30,19.57,20,19.57,19.73,36937
1974-12-31,19.82,20.07,19.74,20.05,31985
1975-01-01,20.13,20.5,19.89,20.41,33832
1975-01-02,20.5,20.82,20.3,20.52,35508
1975-01-03,20,20.45,19.83,20.41,51415
1975-01-04,20.32,20.38,20,20.12,46600
1975-01-05,20.03,20.38,19.97,20.29,46532
1975-01-06,20.13,20.28,20.08,20.15,29634
1975-01-07,20.25,20.45,20.23,20.43,37308
1975-01-08,20.37,20.5,20.14,20.38,50690
1975-01-09,20.59,20.76,20.41,20.5,47719
1975-01-10,20.36,20.44,20.05,20.09,53705
1975-01-11,20.2,20.25,19.82,19.89,63052
1975-01-12,19.86,20.33,19.86,20.29,63189
1975-01-13,20.28,20.42,20.21,20.33,34513
1975-01-14,20.33,20.4,20.25,20.29,19820
1975-01-15,20.2,20.29,19.55,19.61,65652
1975-01-16,19.61,19.78,19.52,19.75,47260
1975-01-17,19.83,19.88,19.25,19.41,62858
1975-01-18,19.4,19.53,19.18,19.52,43812
1975-01-19,19.47,19.92,19.47,19.9,33861
1975-01-20,19.92,20.17,19.88,20.08,39722
1975-01-21,20.02,20.04,19.7,19.96,36809
1975-01-22,19.96,20.1,19.77,20,24580
1975-01-23,19.94,20.1,19.8,20.06,28343
1975-01-24,20.1,20.15,19.69,19.81,38300
1975-01-25,19.8,19.86,19.65,19.77,40801
1975-01-26,19.8,19.84,19.38,19.41,52661
1975-01-27,19.41,19.52,19.13,19.26,51705
1975-01-28,19.23,19.27,18.45,18.69,76555
1975-01-29,18.76,18.88,18.64,18.78,35309
1975-01-30,18.73,18.91,18.53,18.89,43399
1975-01-31,18.82,18.97,18.7,18.9,38325
1975-02-01,18.83,19.15,18.83,19.14,40793
1975-02-02,19.14,19.28,19.12,19.25,28429
1975-02-03,19.21,19.23,18.94,19.06,41305
1975-02-04,19.05,19.22,19.05,19.13,35974
1975-02-05,18.91,19.01,18.87,18.91,36756
1975-02-06,18.88,18.92,18.55,18.8,44605
1975-02-07,18.73,18.87,18.64,18.86,28294
1975-02-08,18.9,18.96,18.82,18.91,22999
1975-02-09,18.7,19.13,18.68,19.05,49562
1975-02-10,19.02,19.19,18.88,18.94,43790
1975-02-11,18.86,18.98,18.77,18.84,24674
1975-02-12,18.62,18.67,18.11,18.22,44350
1975-02-13,18.25,18.35,17.9,18.01,46325
1975-02-14,17.83,17.9,17.35,17.46,80405
1975-02-15,17.62,17.66,17.44,17.5,34769
1975-02-16,17.62,17.68,17.2,17.49,54277
1975-02-17,17.44,17.68,17.33,17.64,32151
1975-02-18,17.72,17.87,17.67,17.77,30381
1975-02-19,17.98,18.16,17.95,17.97,46955
1975-02-20,17.83,17.95,17.53,17.56,34081
1975-02-21,17.5,17.59,17.37,17.4,31451
1975-02-22,17.15,17.22,17.02,17.18,38058
1975-02-23,17.18,17.43,17.18,17.37,34238
1975-02-24,17.47,17.52,17.06,17.14,42422
1975-02-25,17,17.37,16.87,17.34,38468
1975-02-26,17.28,17.44,17.23,17.32,30659
1975-02-27,17.26,17.65,17.22,17.49,54985
1975-02-28,17.48,17.6,17.24,17.25,36166
1975-03-01,17.23,17.39,17.08,17.32,36953
1975-03-02,17.22,17.37,17.13,17.2,28069
1975-03-03,17.2,17.37,17.15,17.35,27108
1975-03-04,17.22,17.48,17.16,17.33,43787
1975-03-05,17.23,17.26,16.93,17.01,44910
1975-03-06,16.67,16.95,16.6,16.79,41607
1975-03-07,16.66,16.92,16.63,16.88,28761
1975-03-08,16.8,17.03,16.76,16.93,40694
1975-03-09,17.13,17.6,17.09,17.5,97155
1975-03-10,17.5,17.72,17.39,17.49,51711
1975-03-11,17.43,17.59,17.42,17.43,32162
1975-03-12,17.36,17.64,17.34,17.56,38373
1975-03-13,17.7,17.84,17.56,17.7,44120
1975-03-14,17.55,17.88,17.52,17.78,47137
1975-03-15,17.89,17.97,17.65,17.72,44365
1975-03-16,17.7,17.74,17.56,17.71,31080
1975-03-17,17.62,17.68,17.55,17.65,23055
1975-03-18,17.6,17.83,17.6,17.79,29184
1975-03-19,17.89,17.95,17.7,17.78,36809
1975-03-20,17.68,17.91,17.68,17.89,33339
1975-03-21,17.85,18,17.82,17.86,27690
1975-03-22,17.66,17.7,17.46,17.48,33450
1975-03-23,17.48,17.58,17.37,17.47,25321
1975-03-24,17.4,17.57,17.31,17.55,32525
1975-03-25,17.6,17.68,17.54,17.66,25060
1975-03-26,17.61,17.89,17.55,17.87,30460
1975-03-27,18.01,18.28,18.01,18.25,41073
1975-03-28,18.24,18.66,18.1,18.54,39236
1975-03-29,18.05,18.21,17.97,18,57340
1975-03-30,17.92,18.01,17.85,17.86,31697
1975-03-31,18,18.05,17.75,17.86,34463
1975-04-01,17.88,18.09,17.8,17.82,33437
1975-04-02,17.83,17.92,17.76,17.82,32125
1975-04-03,17.87,17.95,17.72,17.79,38035
1975-04-04,17.68,17.93,17.67,17.84,35110
1975-04-05,17.85,18.06,17.83,18.04,28429
1975-04-06,18.15,18.63,18.15,18.58,63298
1975-04-07,18.38,18.56,18.33,18.36,42397
1975-04-08,18.26,18.38,18.17,18.27,40749
1975-04-09,18.38,18.59,18.38,18.44,38098
1975-04-10,18.38,18.49,18.33,18.47,26157
1975-04-11,18.58,18.66,18.54,18.64,40797
1975-04-12,18.75,18.83,18.45,18.54,52976
1975-04-13,18.53,18.87,18.48,18.85,50118
1975-04-14,18.9,18.98,18.73,18.92,43493
1975-04-15,18.89,19.08,18.83,18.93,42670
1975-04-16,18.88,18.96,18.8,18.95,34631
1975-04-17,19,19.07,18.5,18.69,48540
1975-04-18,18.07,18.12,17.55,17.56,82200
1975-04-19,17.58,17.66,17.11,17.25,66451
1975-04-20,17.31,17.51,17.31,17.47,30165
1975-04-21,17.53,17.57,17.32,17.33,30693
1975-04-22,17.5,17.6,17.43,17.57,37662
1975-04-23,17.67,17.81,17.6,17.76,40074
1975-04-24,17.57,17.64,17.32,17.54,50163
1975-04-25,17.51,17.72,17.49,17.64,42828
1975-04-26,17.58,17.67,17.5,17.56,32729
1975-04-27,17.61,17.69,17.23,17.3,43039
1975-04-28,17.16,17.2,16.85,16.87,60352
1975-04-29,16.86,17.05,16.83,17.03,31794
1975-04-30,17.06,17.34,17.06,17.31,26463
1975-05-01,17.26,17.43,17.15,17.42,32693
1975-05-02,17.25,17.46,17.23,17.29,29545
1975-05-03,17.28,17.37,17.1,17.12,34535
1975-05-04,17.13,17.44,17.07,17.41,36847
1975-05-05,17.41,17.6,17.39,17.59,28514
1975-05-06,17.57,17.73,17.56,17.68,30617
1975-05-07,17.56,17.66,17.53,17.61,23412
1975-05-08,17.52,17.56,17.22,17.32,30273
1975-05-09,17.35,17.45,17.14,17.37,40014
1975-05-10,17.03,17.23,16.86,17.21,42995
1975-05-11,17.18,17.42,17.16,17.32,42051
1975-05-12,17.35,17.45,17.24,17.32,43346
1975-05-13,17.38,17.68,17.37,17.58,66234
1975-05-14,17.56,17.67,17.52,17.54,36002
1975-05-15,17.54,17.66,17.5,17.62,24628
1975-05-16,17.65,17.74,17.58,17.64,35203
1975-05-17,17.64,17.78,17.48,17.74,48223
1975-05-18,17.78,18.02,17.78,17.98,57507
1975-05-19,17.9,18.01,17.87,17.94,29796
1975-05-20,17.99,18.04,17.69,17.71,41797
1975-05-21,17.66,17.8,17.63,17.65,33419
1975-05-22,17.58,17.88,17.58,17.82,47800
1975-05-23,17.81,17.9,17.77,17.84,37045
1975-05-24,17.71,17.91,17.66,17.83,37786
1975-05-25,17.94,18.05,17.71,17.8,40813
1975-05-26,17.71,17.87,17.68,17.82,25868
1975-05-27,17.87,17.97,17.83,17.93,23434
1975-05-28,18,18.2,17.93,18.19,40630
1975-05-29,18.22,18.85,18.22,18.57,57167
1975-05-30,18.05,18.12,17.99,18.06,28642
1975-05-31,17.92,18,17.87,17.97,28926
1975-06-01,17.8,18.09,17.8,17.96,36777
1975-06-02,18.05,18.39,18,18.38,41254
1975-06-03,18.3,18.37,18.25,18.33,32328
1975-06-04,18.24,18.36,18.2,18.26,28046
1975-06-05,18.21,18.34,18.07,18.18,42983
1975-06-06,18.31,18.48,18.26,18.43,41390
1975-06-07,18.48,18.64,18.43,18.63,34605
1975-06-08,18.59,18.74,18.56,18.67,35335
1975-06-09,18.58,18.81,18.57,18.77,38319
1975-06-10,18.82,18.87,18.63,18.73,36465
1975-06-11,18.68,18.99,18.63,18.97,50173
1975-06-12,19.05,19.14,18.55,18.66,50856
1975-06-13,18.6,18.79,18.48,18.73,38544
1975-06-14,18.84,19.01,18.76,19,33934
1975-06-15,19.07,19.15,18.68,19.11,36718
1975-06-16,19.13,19.52,19.04,19.51,42115
1975-06-17,19.46,19.82,19.4,19.67,38934
1975-06-18,19.63,19.71,19,19.12,0
1975-06-19,18.99,19.11,18.85,18.97,29800
1975-06-20,18.95,19.05,18.85,18.96,20312
1975-06-21,18.92,19.19,18.86,19.14,19905
1975-06-22,19.13,19.29,19.02,19.27,11962
1975-06-23,19.28,19.52,19.28,19.5,25305
1975-06-24,19.52,19.55,19.31,19.36,25823
1975-06-25,19.42,19.57,19.27,19.55,23548
1975-06-26,19.5,19.83,19.41,19.81,28028
1975-06-27,19.82,19.95,19.68,19.89,36283
1975-06-28,19.73,20.02,19.69,19.91,35701
1975-06-29,20.05,20.28,19.97,20.26,37540
1975-06-30,20.23,20.3,19.92,19.95,34393
1975-07-01,19.82,19.85,19.49,19.67,38439
1975-07-02,19.74,19.78,18.55,18.79,67258
1975-07-03,18.4,18.6,18.08,18.25,60902
1975-07-04,18.15,18.52,18.15,18.38,30681
1975-07-05,18.52,18.78,17.75,18.05,46801
1975-07-06,18.17,18.57,17.9,18.52,29849
1975-07-07,18.56,19.2,18.56,19.18,36554
1975-07-08,19.02,19.15,18.4,18.94,31638
1975-07-09,18.6,18.74,18.25,18.62,24334
1975-07-10,17.97,18.14,17.88,18.06,30572
1975-07-11,17.85,18.32,17.85,18.28,40882
1975-07-12,18.2,18.28,17.47,17.67,69521
1975-07-13,17.54,17.75,17.19,17.73,52537
1975-07-14,17.8,17.88,17.08,17.45,50636
1975-07-15,17.48,17.7,17.44,17.56,34548
1975-07-16,17.6,17.78,17.35,17.74,38383
1975-07-17,17.91,18.08,17.65,17.71,53387
1975-07-18,17.85,18,17.76,17.8,34937
1975-07-19,17.86,17.93,17.46,17.54,35366
1975-07-20,17.55,17.72,17.43,17.69,34115
1975-07-21,17.7,17.8,17.62,17.74,25250
1975-07-22,17.76,17.82,17.65,17.76,24416
1975-07-23,17.78,17.98,17.75,17.78,32783
1975-07-24,17.72,18.02,17.71,17.97,28453
1975-07-25,18.18,18.95,18.18,18.91,49534
1975-07-26,18.92,19.13,18.56,18.96,35053
1975-07-27,18.89,19.09,18.67,19.04,30944
1975-07-28,18.99,19.28,18.91,19.16,38241
1975-07-29,19.1,23,18.98,21.05,36646
1975-07-30,19.05,20,19.05,19.71,52468
1975-07-31,19.57,19.95,19.5,19.85,49973
1975-08-01,19.72,19.94,19.02,19.06,56027
1975-08-02,19.15,19.55,19.06,19.39,39554
1975-08-03,19.46,19.82,19.45,19.7,41947
1975-08-04,19.7,19.74,19.1,19.29,47324
1975-08-05,19.28,19.62,19.28,19.54,35418
1975-08-06,19.62,19.65,19.01,19.44,50010
1975-08-07,18.95,19.23,18.78,19.2,42364
1975-08-08,19.3,19.57,19.14,19.54,29640
1975-08-09,19.5,20.2,19.38,20.19,56112
1975-08-10,20.19,20.29,19.65,19.81,52338
1975-08-11,19.6,19.92,19.41,19.61,34401
1975-08-12,19.43,19.99,19.43,19.91,36220
1975-08-13,19.93,20.55,19.75,20.46,48423
1975-08-14,20.37,20.86,20.35,20.58,65168
1975-08-15,20.45,21.2,20.3,21.16,40971
1975-08-16,21.05,22.1,20.95,21.99,47513
1975-08-17,22.02,23.39,22.02,23.27,35651
1975-08-18,23.3,24.64,23.23,24.34,40793
1975-08-19,24.8,25.6,22.2,23.06,36345
1975-08-20,20.82,21.1,20.68,21.05,33841
1975-08-21,21.33,22.15,21.21,21.95,53623
1975-08-22,21.75,22.45,21.46,22.4,44817
1975-08-23,22.26,22.59,21.83,22.19,46173
1975-08-24,22.32,22.48,21.7,21.79,52190
1975-08-25,21.29,21.5,21.11,21.41,48938
1975-08-26,21.32,21.65,21.15,21.47,31599
1975-08-27,21.55,22.3,21.48,22.26,43108
1975-08-28,22.25,22.78,22.2,22.7,48146
1975-08-29,22.55,22.65,21.98,22.27,49523
1975-08-30,22.16,22.8,22.12,22.75,38424
1975-08-31,22.59,23.52,22.57,23.03,41086
1975-09-01,23,23.37,22.75,23.06,39106
1975-09-02,23.18,24.25,23.18,24.21,49264
1975-09-03,24.05,25.45,24.02,25.34,47758
1975-09-04,24.65,25.1,23.4,24.29,52579
1975-09-05,23.9,25.1,23.9,25.06,36919
1975-09-06,25.2,25.7,23.7,24.47,43092
1975-09-07,24.1,24.75,23.2,24.67,28878
1975-09-08,24.1,24.4,22.83,23.82,35868
1975-09-09,23.75,24.05,23.3,23.95,25048
1975-09-10,23.6,24.4,23.02,24.07,34167
1975-09-11,22.4,22.75,22.15,22.7,53461
1975-09-12,22.85,23.25,22.17,22.4,60327
1975-09-13,21.91,22.58,21.8,22.2,57884
1975-09-14,22.33,22.4,21.81,22.32,39494
1975-09-15,22.12,22.55,22.07,22.43,34045
1975-09-16,21.65,21.8,21.16,21.2,60461
1975-09-17,20.8,20.95,20.47,20.81,51628
1975-09-18,21.12,21.45,20.81,20.86,43216
1975-09-19,21.05,21.24,20.92,21.18,33483
1975-09-20,21.33,21.62,20.81,21.04,41891
1975-09-21,21.1,21.32,20.7,21.11,48817
1975-09-22,21.01,21.22,20.9,21,34069
1975-09-23,20.61,21.1,20.48,20.68,55904
1975-09-24,20.83,21.04,20.68,21.01,37878
1975-09-25,21.11,21.43,21.1,21.36,29670
1975-09-26,21.46,21.52,21.08,21.42,41307
1975-09-27,21.29,21.53,21.17,21.48,34663
1975-09-28,20.9,21.08,20.3,20.78,54091
1975-09-29,20.75,20.9,20.5,20.64,40157
1975-09-30,19.85,22.6,19.85,22.48,39963
1975-10-01,22.4,22.9,21.85,22.65,38158
1975-10-02,20.48,21.67,20.4,21.4,73427
1975-10-03,21.35,21.56,21.15,21.23,37490
1975-10-04,21.32,21.38,21.16,21.32,19541
1975-10-05,21.42,21.53,21.06,21.11,29141
1975-10-06,20.82,21.06,20.65,20.76,42936
1975-10-07,20.55,20.7,19.83,19.94,63266
1975-10-08,19.98,20.1,19.62,19.76,37337
1975-10-09,19.73,19.98,19.67,19.85,27206
1975-10-10,19.96,20.49,19.96,20.44,34840
1975-10-11,20.12,20.18,19.52,19.72,53566
1975-10-12,19.68,20.07,19.46,20.05,34878
1975-10-13,19.97,20.3,19.82,20.28,32662
1975-10-14,20.1,20.48,20.1,20.25,30893
1975-10-15,20.1,20.28,19.85,20.1,41625
1975-10-16,20.18,20.3,20.04,20.09,28908
1975-10-17,20.15,20.2,19.87,20.01,36458
1975-10-18,19.97,20.4,19.96,20.34,32983
1975-10-19,20.45,22.2,20.45,22.14,54546
1975-10-20,21.87,22.05,21.25,21.46,46606
1975-10-21,21.55,21.67,20.6,20.76,37789
1975-10-22,20.68,20.95,20.45,20.65,33327
1975-10-23,20.25,20.3,19.81,19.92,29965
1975-10-24,19.78,20.13,19.76,19.98,26865
1975-10-25,20.05,20.08,19.8,19.96,25282
1975-10-26,20.13,20.7,19.98,20.65,42154
1975-10-27,20.52,21.3,20.48,21.02,59885
1975-10-28,21.05,21.25,20.71,20.92,34155
1975-10-29,21.02,21.65,20.98,21.53,34166
1975-10-30,21.3,21.48,21.06,21.13,28626
1975-10-31,21.05,21.43,21.05,21.21,24915
1975-11-01,21.48,21.85,21.06,21.27,55217
1975-11-02,21.28,21.45,21.1,21.41,35612
1975-11-03,21.54,21.74,21.38,21.55,32394
1975-11-04,21.54,21.98,21.54,21.95,36387
1975-11-05,21.9,21.94,21.58,21.9,33705
1975-11-06,21.75,22.5,21.55,22.48,47402
1975-11-07,22.35,22.55,22.06,22.38,38671
1975-11-08,22.29,22.42,21.3,21.8,55703
1975-11-09,21.82,21.95,21.41,21.68,34467
1975-11-10,21.8,21.83,20.85,21,38861
1975-11-11,20.95,21.7,20.5,21.4,30759
1975-11-12,20.78,21.1,20.66,21.01,34654
1975-11-13,21.12,21.23,20.54,20.68,37226
1975-11-14,20.77,20.93,20.62,20.74,25204
1975-11-15,20.55,20.6,20.08,20.11,51836
1975-11-16,20.2,20.44,19.98,20.28,35063
1975-11-17,20.23,20.4,20.12,20.33,20794
1975-11-18,20.44,20.57,20.38,20.42,26535
1975-11-19,20.38,21.15,20.25,21.04,32055
1975-11-20,20.85,21.45,20.75,21.34,42100
1975-11-21,21.58,21.75,21.02,21.23,38583
1975-11-22,21.15,21.27,20.84,21.13,36782
1975-11-23,21.18,21.5,20.7,21.42,47601
1975-11-24,21.42,21.71,21.25,21.55,35915
1975-11-25,21.45,21.62,21.31,21.57,23600
1975-11-26,21.7,22.25,21.57,22.22,39144
1975-11-27,22.08,22.43,21.87,22.37,42657
1975-11-28,22.32,22.4,21.95,22.12,30523
1975-11-29,22,22.05,21.79,21.9,28181
1975-11-30,21.85,22.7,21.83,22.66,31867
1975-12-01,22.6,23.35,22.53,23.26,42738
1975-12-02,23.05,23.2,22.6,22.86,40222
1975-12-03,21.98,22.05,21.6,21.72,34230
1975-12-04,21.95,22.35,21.9,22.3,40269
1975-12-05,22.3,22.33,21.85,21.96,26690
1975-12-06,21.97,22.04,21.4,21.62,34820
1975-12-07,21.65,21.87,21.5,21.56,25179
1975-12-08,21.5,22.1,21.39,21.71,42896
1975-12-09,21.85,22.41,21.83,22.15,40729
1975-12-10,22.18,22.3,22.02,22.25,23765
1975-12-11,23.8,23.95,22.85,23.4,52620
1975-12-12,23.3,23.65,23.03,23.24,43829
1975-12-13,23.18,23.52,22.99,23.44,38266
1975-12-14,23.58,23.89,23.4,23.85,37199
1975-12-15,23.84,24,23.47,23.73,32818
1975-12-16,23.53,24.23,23.52,24.12,45084
1975-12-17,24.5,24.98,24.48,24.75,44546
1975-12-18,25.2,25.3,24.26,25,53128
1975-12-19,25.2,25.35,24.2,24.51,42710
1975-12-20,24,24.09,23.1,23.19,41429
1975-12-21,23.35,23.73,22.9,23.31,42176
1975-12-22,23.75,23.9,23.37,23.89,27236
1975-12-23,23.8,23.82,23.2,23.54,32833
1975-12-24,23.5,23.8,23.26,23.63,34077
1975-12-25,23.31,23.4,22.85,23.37,29659
1975-12-26,23.55,24.1,23.43,24.07,38455
1975-12-27,24.05,24.54,23.74,24.46,49157
1975-12-28,24.32,24.62,24.12,24.16,32435
1975-12-29,24,24.66,23.82,24.6,27346
1975-12-30,24.5,24.62,24.2,24.38,27733
1975-12-31,23.88,24.48,23.83,24.14,40059
1976-01-01,24.47,24.65,24.02,24.05,45060
1976-01-02,24.12,24.87,24.1,24.81,41680
1976-01-03,24.75,24.95,24.46,24.73,33610
1976-01-04,24.95,25.28,24.84,25.24,32776
1976-01-05,25.2,25.6,24.98,25.54,38035
1976-01-06,25.4,25.52,24.93,25.07,35805
1976-01-07,24.9,24.93,24.22,24.26,51656
1976-01-08,24.45,24.7,24.38,24.66,31093
1976-01-09,24.95,25.68,24.92,25.62,32390
1976-01-10,25.6,25.72,25.22,25.42,26146
